	sample_name	filename0
0	sample_0	NGS/x32-1_S17_L001_R1_001.fastq.gz
1	sample_1	NGS/x35-1_S23_L001_R1_001.fastq.gz
2	sample_2	NGS/input-2_S88_L001_R1_001.fastq.gz
3	sample_3	NGS/input-1_S84_L001_R1_001.fastq.gz
4	sample_4	NGS/x50_rep2_CAGAGAGG-CTCTCTAT_L001_R1_001.fastq.gz
5	sample_5	NGS/x53_rep2_AGGCAGAA-AGAGTAGA_L001_R1_001.fastq.gz
6	sample_6	NGS/x56_rep2_TAGGCATG-AGAGTAGA_L001_R1_001.fastq.gz
7	sample_7	NGS/x58_rep1_CAGAGAGG-TATCCTCT_L001_R1_001.fastq.gz
8	sample_8	NGS/x60_rep2_CGTACTAG-ACTGCATA_L001_R1_001.fastq.gz
9	sample_9	NGS/x64_rep2_TAGGCATG-ACTGCATA_L001_R1_001.fastq.gz
10	sample_10	NGS/x68_rep2_CGTACTAG-CTAAGCCT_L001_R1_001.fastq.gz
11	sample_11	NGS/x70_rep1_TCCTGAGC-AAGGAGTA_L001_R1_001.fastq.gz
12	sample_12	NGS/x72_rep2_TAGGCATG-CTAAGCCT_L001_R1_001.fastq.gz
13	sample_13	NGS/x74_rep2_CAGAGAGG-CTAAGCCT_L001_R1_001.fastq.gz
14	sample_14	NGS/x76_rep1_CGTACTAG-CGTCTAAT_L001_R1_001.fastq.gz
15	sample_15	NGS/x78_rep2_TCCTGAGC-TCTCTCCG_L001_R1_001.fastq.gz
16	sample_16	NGS/x80_rep2_TAGGCATG-TCTCTCCG_L001_R1_001.fastq.gz
17	sample_17	NGS/inputLib1_rep1_l1.fastq.gz
18	sample_18	NGS/inputLib1_rep2_l1.fastq.gz
19	sample_19	NGS/inputLib2_rep2_l1.fastq.gz
20	sample_20	NGS/inputLib2_rep1_l1.fastq.gz
21	sample_21	NGS/x50_rep2_Lib1_CAGAGAGG-CTCTCTAT_L002_R1_001.fastq.gz
22	sample_22	NGS/x53_rep1_Lib1_AGGCAGAA-TATCCTCT_L002_R1_001.fastq.gz
23	sample_23	NGS/x56_rep2_Lib1_TAGGCATG-AGAGTAGA_L002_R1_001.fastq.gz
24	sample_24	NGS/x58_rep1_Lib1_CAGAGAGG-TATCCTCT_L002_R1_001.fastq.gz
25	sample_25	NGS/x60_rep2_Lib1_CGTACTAG-ACTGCATA_L002_R1_001.fastq.gz
26	sample_26	NGS/x64_rep1_Lib1_TAGGCATG-GTAAGGAG_L002_R1_001.fastq.gz
27	sample_27	NGS/x68_rep2_Lib1_CGTACTAG-CTAAGCCT_L002_R1_001.fastq.gz
28	sample_28	NGS/x70_rep1_Lib1_TCCTGAGC-AAGGAGTA_L002_R1_001.fastq.gz
29	sample_29	NGS/x72_rep1_Lib1_TAGGCATG-AAGGAGTA_L002_R1_001.fastq.gz
30	sample_30	NGS/x74_rep1_Lib1_CAGAGAGG-AAGGAGTA_L002_R1_001.fastq.gz
31	sample_31	NGS/x76_rep1_Lib1_CGTACTAG-CGTCTAAT_L002_R1_001.fastq.gz
32	sample_32	NGS/x78_rep1_Lib1_TCCTGAGC-CGTCTAAT_L002_R1_001.fastq.gz
33	sample_33	NGS/x80_rep2_Lib1_TAGGCATG-TCTCTCCG_L002_R1_001.fastq.gz
34	sample_34	NGS/x82_rep1_Lib1_CAGAGAGG-CGTCTAAT_L002_R1_001.fastq.gz
35	sample_35	NGS/inputLib1_rep1_l2.fastq.gz
36	sample_36	NGS/inputLib1_rep2_l2.fastq.gz
37	sample_37	NGS/x82_rep2_Lib2_GTAGAGGA-TCTCTCCG_L002_R1_001.fastq.gz
38	sample_38	NGS/inputLib2_rep1_l2.fastq.gz
39	sample_39	NGS/inputLib2_rep2_l2.fastq.gz
40	sample_40	NGS/library-rep2_S56_L001_R1_001.fastq.gz
41	sample_41	NGS/library-rep1_S52_L001_R1_001.fastq.gz
42	sample_42	NGS/library-rep1_S49_L001_R1_001.fastq.gz
43	sample_43	NGS/library-rep2_S50_L001_R1_001.fastq.gz
44	sample_44	NGS/x36-S1-2_S8_L001_R1_001.fastq.gz
45	sample_45	NGS/x36-S2-2_S22_L001_R1_001.fastq.gz
46	sample_46	NGS/x37-S1-2_S9_L001_R1_001.fastq.gz
47	sample_47	NGS/x37-S2-2_S23_L001_R1_001.fastq.gz
48	sample_48	NGS/x38-S1-2_S10_L001_R1_001.fastq.gz
49	sample_49	NGS/x38-S2-2_S24_L001_R1_001.fastq.gz
50	sample_50	NGS/x39-S1-2_S11_L001_R1_001.fastq.gz
51	sample_51	NGS/x39-S2-2_S25_L001_R1_001.fastq.gz
52	sample_52	NGS/S1-library-2_S14_L001_R1_001.fastq.gz
53	sample_53	NGS/S1-library-1_S7_L001_R1_001.fastq.gz
54	sample_54	NGS/S2-library-1_S21_L001_R1_001.fastq.gz
55	sample_55	NGS/S2-library-2_S28_L001_R1_001.fastq.gz
56	sample_56	NGS/lib-S1-rep2_S4_L001_R1_001.fastq.gz
57	sample_57	NGS/lib-S1-rep1_S3_L001_R1_001.fastq.gz
58	sample_58	NGS/lib-S2-rep2_S8_L001_R1_001.fastq.gz
59	sample_59	NGS/lib-S2-rep1_S7_L001_R1_001.fastq.gz
60	sample_60	NGS/x223_rep1_lib1_S241_R1_001.fastq.gz
61	sample_61	NGS/x224_rep1_lib1_S249_R1_001.fastq.gz
62	sample_62	NGS/x225_rep1_lib1_S257_R1_001.fastq.gz
63	sample_63	NGS/x226_rep1_lib1_S265_R1_001.fastq.gz
64	sample_64	NGS/x227_rep1_lib1_S273_R1_001.fastq.gz
65	sample_65	NGS/x228_rep1_lib1_S281_R1_001.fastq.gz
66	sample_66	NGS/x229_rep1_lib1_S289_R1_001.fastq.gz
67	sample_67	NGS/x230_rep1_lib1_S297_R1_001.fastq.gz
68	sample_68	NGS/x231_rep1_lib1_S305_R1_001.fastq.gz
69	sample_69	NGS/x232_rep1_lib1_S313_R1_001.fastq.gz
70	sample_70	NGS/x233_rep1_lib1_S321_R1_001.fastq.gz
71	sample_71	NGS/x234_rep1_lib1_S329_R1_001.fastq.gz
72	sample_72	NGS/x235_rep1_lib1_S242_R1_001.fastq.gz
73	sample_73	NGS/x236_rep1_lib1_S250_R1_001.fastq.gz
74	sample_74	NGS/x237_rep1_lib1_S258_R1_001.fastq.gz
75	sample_75	NGS/x238_rep1_lib1_S266_R1_001.fastq.gz
76	sample_76	NGS/x239_rep1_lib1_S274_R1_001.fastq.gz
77	sample_77	NGS/x240_rep1_lib1_S282_R1_001.fastq.gz
78	sample_78	NGS/x241_rep1_lib1_S290_R1_001.fastq.gz
79	sample_79	NGS/x242_rep1_lib1_S298_R1_001.fastq.gz
80	sample_80	NGS/x243_rep1_lib1_S306_R1_001.fastq.gz
81	sample_81	NGS/x244_rep1_lib1_S314_R1_001.fastq.gz
82	sample_82	NGS/x245_rep1_lib1_S322_R1_001.fastq.gz
83	sample_83	NGS/x246_rep1_lib1_S330_R1_001.fastq.gz
84	sample_84	NGS/x247_rep1_lib1_S243_R1_001.fastq.gz
85	sample_85	NGS/x248_rep1_lib1_S251_R1_001.fastq.gz
86	sample_86	NGS/x249_rep1_lib1_S259_R1_001.fastq.gz
87	sample_87	NGS/x250_rep1_lib1_S267_R1_001.fastq.gz
88	sample_88	NGS/x251_rep1_lib1_S275_R1_001.fastq.gz
89	sample_89	NGS/x252_rep1_lib1_S283_R1_001.fastq.gz
90	sample_90	NGS/x253_rep1_lib1_S291_R1_001.fastq.gz
91	sample_91	NGS/x254_rep1_lib1_S299_R1_001.fastq.gz
92	sample_92	NGS/x255_rep1_lib1_S307_R1_001.fastq.gz
93	sample_93	NGS/x256_rep1_lib1_S315_R1_001.fastq.gz
94	sample_94	NGS/x257_rep1_lib1_S323_R1_001.fastq.gz
95	sample_95	NGS/x258_rep1_lib1_S331_R1_001.fastq.gz
96	sample_96	NGS/x259_rep1_lib1_S244_R1_001.fastq.gz
97	sample_97	NGS/x260_rep1_lib1_S252_R1_001.fastq.gz
98	sample_98	NGS/x261_rep1_lib1_S260_R1_001.fastq.gz
99	sample_99	NGS/x262_rep1_lib1_S268_R1_001.fastq.gz
100	sample_100	NGS/x263_rep1_lib1_S276_R1_001.fastq.gz
101	sample_101	NGS/x264_rep1_lib1_S284_R1_001.fastq.gz
102	sample_102	NGS/x265_rep1_lib1_S292_R1_001.fastq.gz
103	sample_103	NGS/x266_rep1_lib1_S300_R1_001.fastq.gz
104	sample_104	NGS/x267_rep1_lib1_S308_R1_001.fastq.gz
105	sample_105	NGS/x268_rep1_lib1_S316_R1_001.fastq.gz
106	sample_106	NGS/x269_rep1_lib1_S324_R1_001.fastq.gz
107	sample_107	NGS/x270_rep1_lib1_S332_R1_001.fastq.gz
108	sample_108	NGS/x271_rep1_lib1_S245_R1_001.fastq.gz
109	sample_109	NGS/x272_rep1_lib1_S253_R1_001.fastq.gz
110	sample_110	NGS/x273_rep1_lib1_S261_R1_001.fastq.gz
111	sample_111	NGS/x274_rep1_lib1_S269_R1_001.fastq.gz
112	sample_112	NGS/x275_rep1_lib1_S277_R1_001.fastq.gz
113	sample_113	NGS/x276_rep1_lib1_S285_R1_001.fastq.gz
114	sample_114	NGS/x277_rep1_lib1_S293_R1_001.fastq.gz
115	sample_115	NGS/x278_rep1_lib1_S301_R1_001.fastq.gz
116	sample_116	NGS/x279_rep1_lib1_S309_R1_001.fastq.gz
117	sample_117	NGS/x280_rep1_lib1_S317_R1_001.fastq.gz
118	sample_118	NGS/x281_rep1_lib1_S325_R1_001.fastq.gz
119	sample_119	NGS/x282_rep1_lib1_S333_R1_001.fastq.gz
120	sample_120	NGS/x283_rep1_lib1_S246_R1_001.fastq.gz
121	sample_121	NGS/x284_rep1_lib1_S254_R1_001.fastq.gz
122	sample_122	NGS/x285_rep1_lib1_S262_R1_001.fastq.gz
123	sample_123	NGS/x286_rep1_lib1_S270_R1_001.fastq.gz
124	sample_124	NGS/x287_rep1_lib1_S278_R1_001.fastq.gz
125	sample_125	NGS/x288_rep1_lib1_S286_R1_001.fastq.gz
126	sample_126	NGS/x289_rep1_lib1_S294_R1_001.fastq.gz
127	sample_127	NGS/x290_rep1_lib1_S302_R1_001.fastq.gz
128	sample_128	NGS/x291_rep1_lib1_S310_R1_001.fastq.gz
129	sample_129	NGS/x292_rep1_lib1_S318_R1_001.fastq.gz
130	sample_130	NGS/x293_rep1_lib1_S326_R1_001.fastq.gz
131	sample_131	NGS/x294_rep1_lib1_S334_R1_001.fastq.gz
132	sample_132	NGS/x295_rep1_lib1_S247_R1_001.fastq.gz
133	sample_133	NGS/x296_rep1_lib1_S255_R1_001.fastq.gz
134	sample_134	NGS/x297_rep1_lib1_S263_R1_001.fastq.gz
135	sample_135	NGS/x298_rep1_lib1_S271_R1_001.fastq.gz
136	sample_136	NGS/x299_rep1_lib1_S279_R1_001.fastq.gz
137	sample_137	NGS/x300_rep1_lib1_S287_R1_001.fastq.gz
138	sample_138	NGS/x301_rep1_lib1_S295_R1_001.fastq.gz
139	sample_139	NGS/x302_rep1_lib1_S303_R1_001.fastq.gz
140	sample_140	NGS/x303_rep1_lib1_S311_R1_001.fastq.gz
141	sample_141	NGS/x304_rep1_lib1_S319_R1_001.fastq.gz
142	sample_142	NGS/x305_rep1_lib1_S327_R1_001.fastq.gz
143	sample_143	NGS/x306_rep1_lib1_S335_R1_001.fastq.gz
144	sample_144	NGS/x307_rep1_lib1_S248_R1_001.fastq.gz
145	sample_145	NGS/x308_rep1_lib1_S256_R1_001.fastq.gz
146	sample_146	NGS/x309_rep1_lib1_S264_R1_001.fastq.gz
147	sample_147	NGS/x310_rep1_lib1_S272_R1_001.fastq.gz
148	sample_148	NGS/x311_rep1_lib1_S280_R1_001.fastq.gz
149	sample_149	NGS/x312_rep1_lib1_S288_R1_001.fastq.gz
150	sample_150	NGS/x313_rep1_lib1_S296_R1_001.fastq.gz
151	sample_151	NGS/x314_rep1_lib1_S304_R1_001.fastq.gz
152	sample_152	NGS/x315_rep1_lib1_S312_R1_001.fastq.gz
153	sample_153	NGS/x316_rep1_lib1_S320_R1_001.fastq.gz
154	sample_154	NGS/x317_rep1_lib1_S328_R1_001.fastq.gz
155	sample_155	NGS/x318_rep1_lib1_S336_R1_001.fastq.gz
156	sample_156	NGS/x319_rep1_lib1_S433_R1_001.fastq.gz
157	sample_157	NGS/x320_rep1_lib1_S434_R1_001.fastq.gz
158	sample_158	NGS/x223_rep1_lib2_S337_R1_001.fastq.gz
159	sample_159	NGS/x224_rep1_lib2_S345_R1_001.fastq.gz
160	sample_160	NGS/x225_rep1_lib2_S353_R1_001.fastq.gz
161	sample_161	NGS/x226_rep1_lib2_S361_R1_001.fastq.gz
162	sample_162	NGS/x227_rep1_lib2_S369_R1_001.fastq.gz
163	sample_163	NGS/x228_rep1_lib2_S377_R1_001.fastq.gz
164	sample_164	NGS/x229_rep1_lib2_S385_R1_001.fastq.gz
165	sample_165	NGS/x230_rep1_lib2_S393_R1_001.fastq.gz
166	sample_166	NGS/x231_rep1_lib2_S401_R1_001.fastq.gz
167	sample_167	NGS/x232_rep1_lib2_S409_R1_001.fastq.gz
168	sample_168	NGS/x233_rep1_lib2_S417_R1_001.fastq.gz
169	sample_169	NGS/x234_rep1_lib2_S425_R1_001.fastq.gz
170	sample_170	NGS/x235_rep1_lib2_S338_R1_001.fastq.gz
171	sample_171	NGS/x236_rep1_lib2_S346_R1_001.fastq.gz
172	sample_172	NGS/x237_rep1_lib2_S354_R1_001.fastq.gz
173	sample_173	NGS/x238_rep1_lib2_S362_R1_001.fastq.gz
174	sample_174	NGS/x239_rep1_lib2_S370_R1_001.fastq.gz
175	sample_175	NGS/x240_rep1_lib2_S378_R1_001.fastq.gz
176	sample_176	NGS/x241_rep1_lib2_S386_R1_001.fastq.gz
177	sample_177	NGS/x242_rep1_lib2_S394_R1_001.fastq.gz
178	sample_178	NGS/x243_rep1_lib2_S402_R1_001.fastq.gz
179	sample_179	NGS/x244_rep1_lib2_S410_R1_001.fastq.gz
180	sample_180	NGS/x245_rep1_lib2_S418_R1_001.fastq.gz
181	sample_181	NGS/x246_rep1_lib2_S426_R1_001.fastq.gz
182	sample_182	NGS/x247_rep1_lib2_S339_R1_001.fastq.gz
183	sample_183	NGS/x248_rep1_lib2_S347_R1_001.fastq.gz
184	sample_184	NGS/x249_rep1_lib2_S355_R1_001.fastq.gz
185	sample_185	NGS/x250_rep1_lib2_S363_R1_001.fastq.gz
186	sample_186	NGS/x251_rep1_lib2_S371_R1_001.fastq.gz
187	sample_187	NGS/x252_rep1_lib2_S379_R1_001.fastq.gz
188	sample_188	NGS/x253_rep1_lib2_S387_R1_001.fastq.gz
189	sample_189	NGS/x254_rep1_lib2_S395_R1_001.fastq.gz
190	sample_190	NGS/x255_rep1_lib2_S403_R1_001.fastq.gz
191	sample_191	NGS/x256_rep1_lib2_S411_R1_001.fastq.gz
192	sample_192	NGS/x257_rep1_lib2_S419_R1_001.fastq.gz
193	sample_193	NGS/x258_rep1_lib2_S427_R1_001.fastq.gz
194	sample_194	NGS/x259_rep1_lib2_S340_R1_001.fastq.gz
195	sample_195	NGS/x260_rep1_lib2_S348_R1_001.fastq.gz
196	sample_196	NGS/x261_rep1_lib2_S356_R1_001.fastq.gz
197	sample_197	NGS/x262_rep1_lib2_S364_R1_001.fastq.gz
198	sample_198	NGS/x263_rep1_lib2_S372_R1_001.fastq.gz
199	sample_199	NGS/x264_rep1_lib2_S380_R1_001.fastq.gz
200	sample_200	NGS/x265_rep1_lib2_S388_R1_001.fastq.gz
201	sample_201	NGS/x266_rep1_lib2_S396_R1_001.fastq.gz
202	sample_202	NGS/x267_rep1_lib2_S404_R1_001.fastq.gz
203	sample_203	NGS/x268_rep1_lib2_S412_R1_001.fastq.gz
204	sample_204	NGS/x269_rep1_lib2_S420_R1_001.fastq.gz
205	sample_205	NGS/x270_rep1_lib2_S428_R1_001.fastq.gz
206	sample_206	NGS/x271_rep1_lib2_S341_R1_001.fastq.gz
207	sample_207	NGS/x272_rep1_lib2_S349_R1_001.fastq.gz
208	sample_208	NGS/x273_rep1_lib2_S357_R1_001.fastq.gz
209	sample_209	NGS/x274_rep1_lib2_S365_R1_001.fastq.gz
210	sample_210	NGS/x275_rep1_lib2_S373_R1_001.fastq.gz
211	sample_211	NGS/x276_rep1_lib2_S381_R1_001.fastq.gz
212	sample_212	NGS/x277_rep1_lib2_S389_R1_001.fastq.gz
213	sample_213	NGS/x278_rep1_lib2_S397_R1_001.fastq.gz
214	sample_214	NGS/x279_rep1_lib2_S405_R1_001.fastq.gz
215	sample_215	NGS/x280_rep1_lib2_S413_R1_001.fastq.gz
216	sample_216	NGS/x281_rep1_lib2_S421_R1_001.fastq.gz
217	sample_217	NGS/x282_rep1_lib2_S429_R1_001.fastq.gz
218	sample_218	NGS/x283_rep1_lib2_S342_R1_001.fastq.gz
219	sample_219	NGS/x284_rep1_lib2_S350_R1_001.fastq.gz
220	sample_220	NGS/x285_rep1_lib2_S358_R1_001.fastq.gz
221	sample_221	NGS/x286_rep1_lib2_S366_R1_001.fastq.gz
222	sample_222	NGS/x287_rep1_lib2_S374_R1_001.fastq.gz
223	sample_223	NGS/x288_rep1_lib2_S382_R1_001.fastq.gz
224	sample_224	NGS/x289_rep1_lib2_S390_R1_001.fastq.gz
225	sample_225	NGS/x290_rep1_lib2_S398_R1_001.fastq.gz
226	sample_226	NGS/x291_rep1_lib2_S406_R1_001.fastq.gz
227	sample_227	NGS/x292_rep1_lib2_S414_R1_001.fastq.gz
228	sample_228	NGS/x293_rep1_lib2_S422_R1_001.fastq.gz
229	sample_229	NGS/x294_rep1_lib2_S430_R1_001.fastq.gz
230	sample_230	NGS/x295_rep1_lib2_S343_R1_001.fastq.gz
231	sample_231	NGS/x296_rep1_lib2_S351_R1_001.fastq.gz
232	sample_232	NGS/x297_rep1_lib2_S359_R1_001.fastq.gz
233	sample_233	NGS/x298_rep1_lib2_S367_R1_001.fastq.gz
234	sample_234	NGS/x299_rep1_lib2_S375_R1_001.fastq.gz
235	sample_235	NGS/x300_rep1_lib2_S383_R1_001.fastq.gz
236	sample_236	NGS/x301_rep1_lib2_S391_R1_001.fastq.gz
237	sample_237	NGS/x302_rep1_lib2_S399_R1_001.fastq.gz
238	sample_238	NGS/x303_rep1_lib2_S407_R1_001.fastq.gz
239	sample_239	NGS/x304_rep1_lib2_S415_R1_001.fastq.gz
240	sample_240	NGS/x305_rep1_lib2_S423_R1_001.fastq.gz
241	sample_241	NGS/x306_rep1_lib2_S431_R1_001.fastq.gz
242	sample_242	NGS/x307_rep1_lib2_S344_R1_001.fastq.gz
243	sample_243	NGS/x308_rep1_lib2_S352_R1_001.fastq.gz
244	sample_244	NGS/x309_rep1_lib2_S360_R1_001.fastq.gz
245	sample_245	NGS/x310_rep1_lib2_S368_R1_001.fastq.gz
246	sample_246	NGS/x311_rep1_lib2_S376_R1_001.fastq.gz
247	sample_247	NGS/x312_rep1_lib2_S384_R1_001.fastq.gz
248	sample_248	NGS/x313_rep1_lib2_S392_R1_001.fastq.gz
249	sample_249	NGS/x314_rep1_lib2_S400_R1_001.fastq.gz
250	sample_250	NGS/x315_rep1_lib2_S408_R1_001.fastq.gz
251	sample_251	NGS/x316_rep1_lib2_S416_R1_001.fastq.gz
252	sample_252	NGS/x317_rep1_lib2_S424_R1_001.fastq.gz
253	sample_253	NGS/x318_rep1_lib2_S432_R1_001.fastq.gz
254	sample_254	NGS/x319_rep1_lib2_S439_R1_001.fastq.gz
255	sample_255	NGS/x320_rep1_lib2_S440_R1_001.fastq.gz
256	sample_256	NGS/input_rep1_lib1_S436_R1_001.fastq.gz
257	sample_257	NGS/input_rep2_lib1_S438_R1_001.fastq.gz
258	sample_258	NGS/input_rep1_lib2_S445_R1_001.fastq.gz
259	sample_259	NGS/input_rep2_lib2_S446_R1_001.fastq.gz
260	sample_260	NGS/S1_beads1_S1_R1_001.fastq.gz
261	sample_261	NGS/S1_beads2_S2_R1_001.fastq.gz
262	sample_262	NGS/S1_beads3_S3_R1_001.fastq.gz
263	sample_263	NGS/S1_beads4_S4_R1_001.fastq.gz
264	sample_264	NGS/S1_beads5_S5_R1_001.fastq.gz
265	sample_265	NGS/S1_beads6_S6_R1_001.fastq.gz
266	sample_266	NGS/S1_beads7_S7_R1_001.fastq.gz
267	sample_267	NGS/S1_beads8_S8_R1_001.fastq.gz
268	sample_268	NGS/S1_beads9_S9_R1_001.fastq.gz
269	sample_269	NGS/S1_beads10_S10_R1_001.fastq.gz
270	sample_270	NGS/S1_beads11_S11_R1_001.fastq.gz
271	sample_271	NGS/S1_beads12_S12_R1_001.fastq.gz
272	sample_272	NGS/S1_beads13_S13_R1_001.fastq.gz
273	sample_273	NGS/S1_beads14_S14_R1_001.fastq.gz
274	sample_274	NGS/S1_beads15_S15_R1_001.fastq.gz
275	sample_275	NGS/S1_beads16_S16_R1_001.fastq.gz
276	sample_276	NGS/S1_beads17_S17_R1_001.fastq.gz
277	sample_277	NGS/S1_beads18_S18_R1_001.fastq.gz
278	sample_278	NGS/S1_beads19_S19_R1_001.fastq.gz
279	sample_279	NGS/S1_beads20_S20_R1_001.fastq.gz
280	sample_280	NGS/S1_beads21_S21_R1_001.fastq.gz
281	sample_281	NGS/S1_beads22_S22_R1_001.fastq.gz
282	sample_282	NGS/S1_beads23_S23_R1_001.fastq.gz
283	sample_283	NGS/S1_beads24_S24_R1_001.fastq.gz
284	sample_284	NGS/S1_beads25_S25_R1_001.fastq.gz
285	sample_285	NGS/S1_beads26_S26_R1_001.fastq.gz
286	sample_286	NGS/S1_beads27_S27_R1_001.fastq.gz
287	sample_287	NGS/S1_beads28_S28_R1_001.fastq.gz
288	sample_288	NGS/S1_beads29_S29_R1_001.fastq.gz
289	sample_289	NGS/S1_beads30_S30_R1_001.fastq.gz
290	sample_290	NGS/S1_beads31_S31_R1_001.fastq.gz
291	sample_291	NGS/S1_beads32_S32_R1_001.fastq.gz
292	sample_292	NGS/S1_beads33_S33_R1_001.fastq.gz
293	sample_293	NGS/S1_beads34_S34_R1_001.fastq.gz
294	sample_294	NGS/S1_beads35_S35_R1_001.fastq.gz
295	sample_295	NGS/S1_beads36_S36_R1_001.fastq.gz
296	sample_296	NGS/S1_beads37_S37_R1_001.fastq.gz
297	sample_297	NGS/S1_beads38_S38_R1_001.fastq.gz
298	sample_298	NGS/S1_beads39_S39_R1_001.fastq.gz
299	sample_299	NGS/S1_beads40_S40_R1_001.fastq.gz
300	sample_300	NGS/S1_beads41_S41_R1_001.fastq.gz
301	sample_301	NGS/S1_beads42_S42_R1_001.fastq.gz
302	sample_302	NGS/S1_beads43_S43_R1_001.fastq.gz
303	sample_303	NGS/S1_beads44_S44_R1_001.fastq.gz
304	sample_304	NGS/S1_beads45_S45_R1_001.fastq.gz
305	sample_305	NGS/S1_beads46_S46_R1_001.fastq.gz
306	sample_306	NGS/S1_beads47_S47_R1_001.fastq.gz
307	sample_307	NGS/S1_beads48_S48_R1_001.fastq.gz
308	sample_308	NGS/S1_beads49_S49_R1_001.fastq.gz
309	sample_309	NGS/S1_beads50_S50_R1_001.fastq.gz
310	sample_310	NGS/S1_beads51_S51_R1_001.fastq.gz
311	sample_311	NGS/S1_beads52_S52_R1_001.fastq.gz
312	sample_312	NGS/S1_beads53_S53_R1_001.fastq.gz
313	sample_313	NGS/S1_beads54_S54_R1_001.fastq.gz
314	sample_314	NGS/S1_beads55_S55_R1_001.fastq.gz
315	sample_315	NGS/S1_beads56_S56_R1_001.fastq.gz
316	sample_316	NGS/S1_beads57_S57_R1_001.fastq.gz
317	sample_317	NGS/S1_beads58_S58_R1_001.fastq.gz
318	sample_318	NGS/S1_beads59_S59_R1_001.fastq.gz
319	sample_319	NGS/S1_beads60_S60_R1_001.fastq.gz
320	sample_320	NGS/S1_beads61_S61_R1_001.fastq.gz
321	sample_321	NGS/S1_beads62_S62_R1_001.fastq.gz
322	sample_322	NGS/S1_beads63_S63_R1_001.fastq.gz
323	sample_323	NGS/S1_beads64_S64_R1_001.fastq.gz
324	sample_324	NGS/S1_beads65_S65_R1_001.fastq.gz
325	sample_325	NGS/S1_beads66_S66_R1_001.fastq.gz
326	sample_326	NGS/S1_beads67_S67_R1_001.fastq.gz
327	sample_327	NGS/S1_beads68_S68_R1_001.fastq.gz
328	sample_328	NGS/S1_beads69_S69_R1_001.fastq.gz
329	sample_329	NGS/S1_beads70_S70_R1_001.fastq.gz
330	sample_330	NGS/S1_beads71_S71_R1_001.fastq.gz
331	sample_331	NGS/S1_beads72_S72_R1_001.fastq.gz
332	sample_332	NGS/S1_beads73_S73_R1_001.fastq.gz
333	sample_333	NGS/S1_beads74_S74_R1_001.fastq.gz
334	sample_334	NGS/S1_beads75_S75_R1_001.fastq.gz
335	sample_335	NGS/S1_beads76_S76_R1_001.fastq.gz
336	sample_336	NGS/S1_beads77_S77_R1_001.fastq.gz
337	sample_337	NGS/S1_beads78_S78_R1_001.fastq.gz
338	sample_338	NGS/S1_beads79_S79_R1_001.fastq.gz
339	sample_339	NGS/S1_beads80_S80_R1_001.fastq.gz
340	sample_340	NGS/S1_beads81_S81_R1_001.fastq.gz
341	sample_341	NGS/S1_beads82_S82_R1_001.fastq.gz
342	sample_342	NGS/S1_beads83_S83_R1_001.fastq.gz
343	sample_343	NGS/S1_beads84_S84_R1_001.fastq.gz
344	sample_344	NGS/S1_beads85_S85_R1_001.fastq.gz
345	sample_345	NGS/S1_beads86_S86_R1_001.fastq.gz
346	sample_346	NGS/S1_beads87_S87_R1_001.fastq.gz
347	sample_347	NGS/S1_beads88_S88_R1_001.fastq.gz
348	sample_348	NGS/S1_beads89_S89_R1_001.fastq.gz
349	sample_349	NGS/S1_beads90_S90_R1_001.fastq.gz
350	sample_350	NGS/S1_beads91_S91_R1_001.fastq.gz
351	sample_351	NGS/S1_beads92_S92_R1_001.fastq.gz
352	sample_352	NGS/S1_beads93_S93_R1_001.fastq.gz
353	sample_353	NGS/S1_beads94_S94_R1_001.fastq.gz
354	sample_354	NGS/S1_beads95_S95_R1_001.fastq.gz
355	sample_355	NGS/S1_beads96_S96_R1_001.fastq.gz
356	sample_356	NGS/S2_beads1_S97_R1_001.fastq.gz
357	sample_357	NGS/S2_beads2_S98_R1_001.fastq.gz
358	sample_358	NGS/S2_beads3_S99_R1_001.fastq.gz
359	sample_359	NGS/S2_beads4_S100_R1_001.fastq.gz
360	sample_360	NGS/S2_beads5_S101_R1_001.fastq.gz
361	sample_361	NGS/S2_beads6_S102_R1_001.fastq.gz
362	sample_362	NGS/S2_beads7_S103_R1_001.fastq.gz
363	sample_363	NGS/S2_beads8_S104_R1_001.fastq.gz
364	sample_364	NGS/S2_beads9_S105_R1_001.fastq.gz
365	sample_365	NGS/S2_beads10_S106_R1_001.fastq.gz
366	sample_366	NGS/S2_beads11_S107_R1_001.fastq.gz
367	sample_367	NGS/S2_beads12_S108_R1_001.fastq.gz
368	sample_368	NGS/S2_beads13_S109_R1_001.fastq.gz
369	sample_369	NGS/S2_beads14_S110_R1_001.fastq.gz
370	sample_370	NGS/S2_beads15_S111_R1_001.fastq.gz
371	sample_371	NGS/S2_beads16_S112_R1_001.fastq.gz
372	sample_372	NGS/S2_beads17_S113_R1_001.fastq.gz
373	sample_373	NGS/S2_beads18_S114_R1_001.fastq.gz
374	sample_374	NGS/S2_beads19_S115_R1_001.fastq.gz
375	sample_375	NGS/S2_beads20_S116_R1_001.fastq.gz
376	sample_376	NGS/S2_beads21_S117_R1_001.fastq.gz
377	sample_377	NGS/S2_beads22_S118_R1_001.fastq.gz
378	sample_378	NGS/S2_beads23_S119_R1_001.fastq.gz
379	sample_379	NGS/S2_beads24_S120_R1_001.fastq.gz
380	sample_380	NGS/S2_beads25_S121_R1_001.fastq.gz
381	sample_381	NGS/S2_beads26_S122_R1_001.fastq.gz
382	sample_382	NGS/S2_beads27_S123_R1_001.fastq.gz
383	sample_383	NGS/S2_beads28_S124_R1_001.fastq.gz
384	sample_384	NGS/S2_beads29_S125_R1_001.fastq.gz
385	sample_385	NGS/S2_beads30_S126_R1_001.fastq.gz
386	sample_386	NGS/S2_beads31_S127_R1_001.fastq.gz
387	sample_387	NGS/S2_beads32_S128_R1_001.fastq.gz
388	sample_388	NGS/S2_beads33_S129_R1_001.fastq.gz
389	sample_389	NGS/S2_beads34_S130_R1_001.fastq.gz
390	sample_390	NGS/S2_beads35_S131_R1_001.fastq.gz
391	sample_391	NGS/S2_beads36_S132_R1_001.fastq.gz
392	sample_392	NGS/S2_beads37_S133_R1_001.fastq.gz
393	sample_393	NGS/S2_beads38_S134_R1_001.fastq.gz
394	sample_394	NGS/S2_beads39_S135_R1_001.fastq.gz
395	sample_395	NGS/S2_beads40_S136_R1_001.fastq.gz
396	sample_396	NGS/S2_beads41_S137_R1_001.fastq.gz
397	sample_397	NGS/S2_beads42_S138_R1_001.fastq.gz
398	sample_398	NGS/S2_beads43_S139_R1_001.fastq.gz
399	sample_399	NGS/S2_beads44_S140_R1_001.fastq.gz
400	sample_400	NGS/S2_beads45_S141_R1_001.fastq.gz
401	sample_401	NGS/S2_beads46_S142_R1_001.fastq.gz
402	sample_402	NGS/S2_beads47_S143_R1_001.fastq.gz
403	sample_403	NGS/S2_beads48_S144_R1_001.fastq.gz
404	sample_404	NGS/S2_beads49_S145_R1_001.fastq.gz
405	sample_405	NGS/S2_beads50_S146_R1_001.fastq.gz
406	sample_406	NGS/S2_beads51_S147_R1_001.fastq.gz
407	sample_407	NGS/S2_beads52_S148_R1_001.fastq.gz
408	sample_408	NGS/S2_beads53_S149_R1_001.fastq.gz
409	sample_409	NGS/S2_beads54_S150_R1_001.fastq.gz
410	sample_410	NGS/S2_beads55_S151_R1_001.fastq.gz
411	sample_411	NGS/S2_beads56_S152_R1_001.fastq.gz
412	sample_412	NGS/S2_beads57_S153_R1_001.fastq.gz
413	sample_413	NGS/S2_beads58_S154_R1_001.fastq.gz
414	sample_414	NGS/S2_beads59_S155_R1_001.fastq.gz
415	sample_415	NGS/S2_beads60_S156_R1_001.fastq.gz
416	sample_416	NGS/S2_beads61_S157_R1_001.fastq.gz
417	sample_417	NGS/S2_beads62_S158_R1_001.fastq.gz
418	sample_418	NGS/S2_beads63_S159_R1_001.fastq.gz
419	sample_419	NGS/S2_beads64_S160_R1_001.fastq.gz
420	sample_420	NGS/S2_beads65_S161_R1_001.fastq.gz
421	sample_421	NGS/S2_beads66_S162_R1_001.fastq.gz
422	sample_422	NGS/S2_beads67_S163_R1_001.fastq.gz
423	sample_423	NGS/S2_beads68_S164_R1_001.fastq.gz
424	sample_424	NGS/S2_beads69_S165_R1_001.fastq.gz
425	sample_425	NGS/S2_beads70_S166_R1_001.fastq.gz
426	sample_426	NGS/S2_beads71_S167_R1_001.fastq.gz
427	sample_427	NGS/S2_beads72_S168_R1_001.fastq.gz
428	sample_428	NGS/S2_beads73_S169_R1_001.fastq.gz
429	sample_429	NGS/S2_beads74_S170_R1_001.fastq.gz
430	sample_430	NGS/S2_beads75_S171_R1_001.fastq.gz
431	sample_431	NGS/S2_beads76_S172_R1_001.fastq.gz
432	sample_432	NGS/S2_beads77_S173_R1_001.fastq.gz
433	sample_433	NGS/S2_beads78_S174_R1_001.fastq.gz
434	sample_434	NGS/S2_beads79_S175_R1_001.fastq.gz
435	sample_435	NGS/S2_beads80_S176_R1_001.fastq.gz
436	sample_436	NGS/S2_beads81_S177_R1_001.fastq.gz
437	sample_437	NGS/S2_beads83_S179_R1_001.fastq.gz
438	sample_438	NGS/S2_beads84_S180_R1_001.fastq.gz
439	sample_439	NGS/S2_beads85_S181_R1_001.fastq.gz
440	sample_440	NGS/S2_beads86_S182_R1_001.fastq.gz
441	sample_441	NGS/S2_beads87_S183_R1_001.fastq.gz
442	sample_442	NGS/S2_beads89_S185_R1_001.fastq.gz
443	sample_443	NGS/S2_beads90_S186_R1_001.fastq.gz
444	sample_444	NGS/S2_beads91_S187_R1_001.fastq.gz
445	sample_445	NGS/S2_beads92_S188_R1_001.fastq.gz
446	sample_446	NGS/S2_beads93_S189_R1_001.fastq.gz
447	sample_447	NGS/S2_beads94_S190_R1_001.fastq.gz
448	sample_448	NGS/S2_beads95_S191_R1_001.fastq.gz
449	sample_449	NGS/S2_beads96_S192_R1_001.fastq.gz
450	sample_450	NGS/x323_Lib1_S121_R1_001.fastq.gz
451	sample_451	NGS/x324_Lib1_S129_R1_001.fastq.gz
452	sample_452	NGS/x325_Lib1_S137_R1_001.fastq.gz
453	sample_453	NGS/x326_Lib1_S145_R1_001.fastq.gz
454	sample_454	NGS/x327_Lib1_S153_R1_001.fastq.gz
455	sample_455	NGS/x328_Lib1_S161_R1_001.fastq.gz
456	sample_456	NGS/x329_Lib1_S169_R1_001.fastq.gz
457	sample_457	NGS/x330_Lib1_S177_R1_001.fastq.gz
458	sample_458	NGS/x331_Lib1_S185_R1_001.fastq.gz
459	sample_459	NGS/x332_Lib1_S193_R1_001.fastq.gz
460	sample_460	NGS/x334_Lib1_S114_R1_001.fastq.gz
461	sample_461	NGS/x335_Lib1_S122_R1_001.fastq.gz
462	sample_462	NGS/x336_Lib1_S130_R1_001.fastq.gz
463	sample_463	NGS/x337_Lib1_S138_R1_001.fastq.gz
464	sample_464	NGS/x338_Lib1_S146_R1_001.fastq.gz
465	sample_465	NGS/x339_Lib1_S154_R1_001.fastq.gz
466	sample_466	NGS/x340_Lib1_S162_R1_001.fastq.gz
467	sample_467	NGS/x341_Lib1_S170_R1_001.fastq.gz
468	sample_468	NGS/x342_Lib1_S178_R1_001.fastq.gz
469	sample_469	NGS/x343_Lib1_S186_R1_001.fastq.gz
470	sample_470	NGS/x344_Lib1_S194_R1_001.fastq.gz
471	sample_471	NGS/x345_Lib1_S202_R1_001.fastq.gz
472	sample_472	NGS/x346_Lib1_S115_R1_001.fastq.gz
473	sample_473	NGS/x347_Lib1_S123_R1_001.fastq.gz
474	sample_474	NGS/x348_Lib1_S131_R1_001.fastq.gz
475	sample_475	NGS/x349_Lib1_S139_R1_001.fastq.gz
476	sample_476	NGS/x350_Lib1_S147_R1_001.fastq.gz
477	sample_477	NGS/x351_Lib1_S155_R1_001.fastq.gz
478	sample_478	NGS/x352_Lib1_S163_R1_001.fastq.gz
479	sample_479	NGS/x353_Lib1_S171_R1_001.fastq.gz
480	sample_480	NGS/x354_Lib1_S179_R1_001.fastq.gz
481	sample_481	NGS/x355_Lib1_S187_R1_001.fastq.gz
482	sample_482	NGS/x356_Lib1_S195_R1_001.fastq.gz
483	sample_483	NGS/x357_Lib1_S203_R1_001.fastq.gz
484	sample_484	NGS/x358_Lib1_S116_R1_001.fastq.gz
485	sample_485	NGS/x359_Lib1_S124_R1_001.fastq.gz
486	sample_486	NGS/x360_Lib1_S132_R1_001.fastq.gz
487	sample_487	NGS/x361_Lib1_S140_R1_001.fastq.gz
488	sample_488	NGS/x362_Lib1_S148_R1_001.fastq.gz
489	sample_489	NGS/x363_Lib1_S156_R1_001.fastq.gz
490	sample_490	NGS/x364_Lib1_S164_R1_001.fastq.gz
491	sample_491	NGS/x365_Lib1_S172_R1_001.fastq.gz
492	sample_492	NGS/x366_Lib1_S180_R1_001.fastq.gz
493	sample_493	NGS/x367_Lib1_S188_R1_001.fastq.gz
494	sample_494	NGS/x368_Lib1_S196_R1_001.fastq.gz
495	sample_495	NGS/x369_Lib1_S204_R1_001.fastq.gz
496	sample_496	NGS/x370_Lib1_S117_R1_001.fastq.gz
497	sample_497	NGS/x371_Lib1_S125_R1_001.fastq.gz
498	sample_498	NGS/x372_Lib1_S133_R1_001.fastq.gz
499	sample_499	NGS/x373_Lib1_S141_R1_001.fastq.gz
500	sample_500	NGS/x374_Lib1_S149_R1_001.fastq.gz
501	sample_501	NGS/x375_Lib1_S157_R1_001.fastq.gz
502	sample_502	NGS/x376_Lib1_S165_R1_001.fastq.gz
503	sample_503	NGS/x377_Lib1_S173_R1_001.fastq.gz
504	sample_504	NGS/x378_Lib1_S181_R1_001.fastq.gz
505	sample_505	NGS/x380_Lib1_S197_R1_001.fastq.gz
506	sample_506	NGS/x381_Lib1_S205_R1_001.fastq.gz
507	sample_507	NGS/x382_Lib1_S118_R1_001.fastq.gz
508	sample_508	NGS/x383_Lib1_S126_R1_001.fastq.gz
509	sample_509	NGS/x384_Lib1_S134_R1_001.fastq.gz
510	sample_510	NGS/x385_Lib1_S142_R1_001.fastq.gz
511	sample_511	NGS/x386_Lib1_S150_R1_001.fastq.gz
512	sample_512	NGS/x387_Lib1_S158_R1_001.fastq.gz
513	sample_513	NGS/x388_Lib1_S166_R1_001.fastq.gz
514	sample_514	NGS/x389_Lib1_S174_R1_001.fastq.gz
515	sample_515	NGS/x390_Lib1_S182_R1_001.fastq.gz
516	sample_516	NGS/x391_Lib1_S190_R1_001.fastq.gz
517	sample_517	NGS/x392_Lib1_S198_R1_001.fastq.gz
518	sample_518	NGS/x393_Lib1_S206_R1_001.fastq.gz
519	sample_519	NGS/x394_Lib1_S119_R1_001.fastq.gz
520	sample_520	NGS/x395_Lib1_S127_R1_001.fastq.gz
521	sample_521	NGS/x396_Lib1_S135_R1_001.fastq.gz
522	sample_522	NGS/x397_Lib1_S143_R1_001.fastq.gz
523	sample_523	NGS/x398_Lib1_S151_R1_001.fastq.gz
524	sample_524	NGS/x399_Lib1_S159_R1_001.fastq.gz
525	sample_525	NGS/x400_Lib1_S167_R1_001.fastq.gz
526	sample_526	NGS/x401_Lib1_S175_R1_001.fastq.gz
527	sample_527	NGS/x402_Lib1_S183_R1_001.fastq.gz
528	sample_528	NGS/x403_Lib1_S191_R1_001.fastq.gz
529	sample_529	NGS/x404_Lib1_S199_R1_001.fastq.gz
530	sample_530	NGS/x405_Lib1_S207_R1_001.fastq.gz
531	sample_531	NGS/input_Lib1_rep1_S152_R1_001.fastq.gz
532	sample_532	NGS/input_Lib1_rep2_S160_R1_001.fastq.gz
533	sample_533	NGS/x34_rep1_S184_R1_001.fastq.gz
534	sample_534	NGS/Lib2_rep1_S208_R1_001.fastq.gz
535	sample_535	NGS/x322_Lib2_S209_R1_001.fastq.gz
536	sample_536	NGS/x323_Lib2_S217_R1_001.fastq.gz
537	sample_537	NGS/x324_Lib2_S225_R1_001.fastq.gz
538	sample_538	NGS/x325_Lib2_S233_R1_001.fastq.gz
539	sample_539	NGS/x326_Lib2_S241_R1_001.fastq.gz
540	sample_540	NGS/x327_Lib2_S249_R1_001.fastq.gz
541	sample_541	NGS/x328_Lib2_S257_R1_001.fastq.gz
542	sample_542	NGS/x329_Lib2_S265_R1_001.fastq.gz
543	sample_543	NGS/x330_Lib2_S273_R1_001.fastq.gz
544	sample_544	NGS/x331_Lib2_S281_R1_001.fastq.gz
545	sample_545	NGS/x332_Lib2_S289_R1_001.fastq.gz
546	sample_546	NGS/x334_Lib2_S210_R1_001.fastq.gz
547	sample_547	NGS/x335_Lib2_S218_R1_001.fastq.gz
548	sample_548	NGS/x336_Lib2_S226_R1_001.fastq.gz
549	sample_549	NGS/x337_Lib2_S234_R1_001.fastq.gz
550	sample_550	NGS/x338_Lib2_S242_R1_001.fastq.gz
551	sample_551	NGS/x339_Lib2_S250_R1_001.fastq.gz
552	sample_552	NGS/x340_Lib2_S258_R1_001.fastq.gz
553	sample_553	NGS/x341_Lib2_S266_R1_001.fastq.gz
554	sample_554	NGS/x342_Lib2_S274_R1_001.fastq.gz
555	sample_555	NGS/x343_Lib2_S282_R1_001.fastq.gz
556	sample_556	NGS/x344_Lib2_S290_R1_001.fastq.gz
557	sample_557	NGS/x345_Lib2_S298_R1_001.fastq.gz
558	sample_558	NGS/x346_Lib2_S211_R1_001.fastq.gz
559	sample_559	NGS/x348_Lib2_S227_R1_001.fastq.gz
560	sample_560	NGS/x349_Lib2_S235_R1_001.fastq.gz
561	sample_561	NGS/x350_Lib2_S243_R1_001.fastq.gz
562	sample_562	NGS/x351_Lib2_S251_R1_001.fastq.gz
563	sample_563	NGS/x352_Lib2_S259_R1_001.fastq.gz
564	sample_564	NGS/x353_Lib2_S267_R1_001.fastq.gz
565	sample_565	NGS/x354_Lib2_S275_R1_001.fastq.gz
566	sample_566	NGS/x355_Lib2_S283_R1_001.fastq.gz
567	sample_567	NGS/x356_Lib2_S291_R1_001.fastq.gz
568	sample_568	NGS/x357_Lib2_S299_R1_001.fastq.gz
569	sample_569	NGS/x359_Lib2_S220_R1_001.fastq.gz
570	sample_570	NGS/x360_Lib2_S228_R1_001.fastq.gz
571	sample_571	NGS/x361_Lib2_S236_R1_001.fastq.gz
572	sample_572	NGS/x362_Lib2_S244_R1_001.fastq.gz
573	sample_573	NGS/x363_Lib2_S252_R1_001.fastq.gz
574	sample_574	NGS/x364_Lib2_S260_R1_001.fastq.gz
575	sample_575	NGS/x365_Lib2_S268_R1_001.fastq.gz
576	sample_576	NGS/x366_Lib2_S276_R1_001.fastq.gz
577	sample_577	NGS/x367_Lib2_S284_R1_001.fastq.gz
578	sample_578	NGS/x368_Lib2_S292_R1_001.fastq.gz
579	sample_579	NGS/x369_Lib2_S300_R1_001.fastq.gz
580	sample_580	NGS/x370_Lib2_S213_R1_001.fastq.gz
581	sample_581	NGS/x371_Lib2_S221_R1_001.fastq.gz
582	sample_582	NGS/x372_Lib2_S229_R1_001.fastq.gz
583	sample_583	NGS/x373_Lib2_S237_R1_001.fastq.gz
584	sample_584	NGS/x374_Lib_S245_R1_001.fastq.gz
585	sample_585	NGS/x375_Lib2_S253_R1_001.fastq.gz
586	sample_586	NGS/x376_Lib2_S261_R1_001.fastq.gz
587	sample_587	NGS/x377_Lib2_S269_R1_001.fastq.gz
588	sample_588	NGS/x378_Lib2_S277_R1_001.fastq.gz
589	sample_589	NGS/x379_Lib2_S285_R1_001.fastq.gz
590	sample_590	NGS/x380_Lib2_S293_R1_001.fastq.gz
591	sample_591	NGS/x381_Lib2_S301_R1_001.fastq.gz
592	sample_592	NGS/x382_Lib2_S214_R1_001.fastq.gz
593	sample_593	NGS/x383_Lib2_S222_R1_001.fastq.gz
594	sample_594	NGS/x384_Lib2_S230_R1_001.fastq.gz
595	sample_595	NGS/x385_Lib2_S238_R1_001.fastq.gz
596	sample_596	NGS/x386_Lib2_S246_R1_001.fastq.gz
597	sample_597	NGS/x387_Lib2_S254_R1_001.fastq.gz
598	sample_598	NGS/x388_Lib2_S262_R1_001.fastq.gz
599	sample_599	NGS/x389_Lib2_S270_R1_001.fastq.gz
600	sample_600	NGS/x390_Lib2_S278_R1_001.fastq.gz
601	sample_601	NGS/x391_Lib2_S286_R1_001.fastq.gz
602	sample_602	NGS/x392_Lib2_S294_R1_001.fastq.gz
603	sample_603	NGS/x393_Lib2_S302_R1_001.fastq.gz
604	sample_604	NGS/x394_Lib2_S215_R1_001.fastq.gz
605	sample_605	NGS/x395_Lib2_S223_R1_001.fastq.gz
606	sample_606	NGS/x396_Lib2_S231_R1_001.fastq.gz
607	sample_607	NGS/x397_Lib2_S239_R1_001.fastq.gz
608	sample_608	NGS/x398_Lib2_S247_R1_001.fastq.gz
609	sample_609	NGS/x399_Lib2_S255_R1_001.fastq.gz
610	sample_610	NGS/x400_Lib2_S263_R1_001.fastq.gz
611	sample_611	NGS/x401_Lib2_S271_R1_001.fastq.gz
612	sample_612	NGS/x402_Lib2_S279_R1_001.fastq.gz
613	sample_613	NGS/x403_Lib2_S287_R1_001.fastq.gz
614	sample_614	NGS/x404_Lib2_S295_R1_001.fastq.gz
615	sample_615	NGS/x405_Lib2_S303_R1_001.fastq.gz
616	sample_616	NGS/input_Lib2_rep1_S248_R1_001.fastq.gz
617	sample_617	NGS/x33_rep2_S272_R1_001.fastq.gz
618	sample_618	NGS/Lib2_rep2_S304_R1_001.fastq.gz
619	sample_619	NGS/child-dms-rep1-input-1_S55_R1_001.fastq.gz
620	sample_620	NGS/child-dms-rep1-input-2_S56_R1_001.fastq.gz
621	sample_621	NGS/child-dms-rep2-input-1_S111_R1_001.fastq.gz
622	sample_622	NGS/child-dms-rep2-input-2_S112_R1_001.fastq.gz
623	sample_623	NGS/input_1_rep1_S48_R1_001.fastq.gz
624	sample_624	NGS/input_2_rep1_S49_R1_001.fastq.gz
625	sample_625	NGS/input_1_rep2_S97_R1_001.fastq.gz
626	sample_626	NGS/input_2_rep2_S98_R1_001.fastq.gz
627	sample_627	NGS/S1_beads_rep1_S406_R1_001.fastq.gz
628	sample_628	NGS/S1_beads_rep2_S409_R1_001.fastq.gz
629	sample_629	NGS/S1_library_rep1_S407_R1_001.fastq.gz
630	sample_630	NGS/S2_library_rep1_S321_R1_001.fastq.gz
631	sample_631	NGS/S2_beads_rep1_S320_R1_001.fastq.gz
632	sample_632	NGS/S2_beads_rep2_S323_R1_001.fastq.gz
