sample_name	filename0	Organism:	Instrument:	Strategy:	Source:	Selection:	Layout:
sample_0	x32-1_S17_L001_R1_001.fastq.gz	Escherichia phage T7	Illumina MiSeq	CLONEEND	GENOMIC	PCR	SINGLE
sample_1	x35-1_S23_L001_R1_001.fastq.gz	Escherichia phage T7	Illumina MiSeq	CLONEEND	GENOMIC	PCR	SINGLE
sample_2	input-2_S88_L001_R1_001.fastq.gz	Escherichia phage T7	Illumina MiSeq	CLONEEND	GENOMIC	PCR	SINGLE
sample_3	input-1_S84_L001_R1_001.fastq.gz	Escherichia phage T7	Illumina MiSeq	CLONEEND	GENOMIC	PCR	SINGLE
sample_4	x50_rep2_CAGAGAGG-CTCTCTAT_L001_R1_001.fastq.gz	Escherichia phage T7	Illumina MiSeq	CLONEEND	GENOMIC	PCR	SINGLE
sample_5	x53_rep2_AGGCAGAA-AGAGTAGA_L001_R1_001.fastq.gz	Escherichia phage T7	Illumina MiSeq	CLONEEND	GENOMIC	PCR	SINGLE
sample_6	x56_rep2_TAGGCATG-AGAGTAGA_L001_R1_001.fastq.gz	Escherichia phage T7	Illumina MiSeq	CLONEEND	GENOMIC	PCR	SINGLE
sample_7	x58_rep1_CAGAGAGG-TATCCTCT_L001_R1_001.fastq.gz	Escherichia phage T7	Illumina MiSeq	CLONEEND	GENOMIC	PCR	SINGLE
sample_8	x60_rep2_CGTACTAG-ACTGCATA_L001_R1_001.fastq.gz	Escherichia phage T7	Illumina MiSeq	CLONEEND	GENOMIC	PCR	SINGLE
sample_9	x64_rep2_TAGGCATG-ACTGCATA_L001_R1_001.fastq.gz	Escherichia phage T7	Illumina MiSeq	CLONEEND	GENOMIC	PCR	SINGLE
sample_10	x68_rep2_CGTACTAG-CTAAGCCT_L001_R1_001.fastq.gz	Escherichia phage T7	Illumina MiSeq	CLONEEND	GENOMIC	PCR	SINGLE
sample_11	x70_rep1_TCCTGAGC-AAGGAGTA_L001_R1_001.fastq.gz	Escherichia phage T7	Illumina MiSeq	CLONEEND	GENOMIC	PCR	SINGLE
sample_12	x72_rep2_TAGGCATG-CTAAGCCT_L001_R1_001.fastq.gz	Escherichia phage T7	Illumina MiSeq	CLONEEND	GENOMIC	PCR	SINGLE
sample_13	x74_rep2_CAGAGAGG-CTAAGCCT_L001_R1_001.fastq.gz	Escherichia phage T7	Illumina MiSeq	CLONEEND	GENOMIC	PCR	SINGLE
sample_14	x76_rep1_CGTACTAG-CGTCTAAT_L001_R1_001.fastq.gz	Escherichia phage T7	Illumina MiSeq	CLONEEND	GENOMIC	PCR	SINGLE
sample_15	x78_rep2_TCCTGAGC-TCTCTCCG_L001_R1_001.fastq.gz	Escherichia phage T7	Illumina MiSeq	CLONEEND	GENOMIC	PCR	SINGLE
sample_16	x80_rep2_TAGGCATG-TCTCTCCG_L001_R1_001.fastq.gz	Escherichia phage T7	Illumina MiSeq	CLONEEND	GENOMIC	PCR	SINGLE
sample_17	inputLib1_rep1_l1.fastq.gz	Escherichia phage T7	Illumina MiSeq	CLONEEND	GENOMIC	PCR	SINGLE
sample_18	inputLib1_rep2_l1.fastq.gz	Escherichia phage T7	Illumina MiSeq	CLONEEND	GENOMIC	PCR	SINGLE
sample_19	inputLib2_rep2_l1.fastq.gz	Escherichia phage T7	Illumina MiSeq	CLONEEND	GENOMIC	PCR	SINGLE
sample_20	inputLib2_rep1_l1.fastq.gz	Escherichia phage T7	Illumina MiSeq	CLONEEND	GENOMIC	PCR	SINGLE
sample_21	x50_rep2_Lib1_CAGAGAGG-CTCTCTAT_L002_R1_001.fastq.gz	Escherichia phage T7	Illumina MiSeq	CLONEEND	GENOMIC	PCR	SINGLE
sample_22	x53_rep1_Lib1_AGGCAGAA-TATCCTCT_L002_R1_001.fastq.gz	Escherichia phage T7	Illumina MiSeq	CLONEEND	GENOMIC	PCR	SINGLE
sample_23	x56_rep2_Lib1_TAGGCATG-AGAGTAGA_L002_R1_001.fastq.gz	Escherichia phage T7	Illumina MiSeq	CLONEEND	GENOMIC	PCR	SINGLE
sample_24	x58_rep1_Lib1_CAGAGAGG-TATCCTCT_L002_R1_001.fastq.gz	Escherichia phage T7	Illumina MiSeq	CLONEEND	GENOMIC	PCR	SINGLE
sample_25	x60_rep2_Lib1_CGTACTAG-ACTGCATA_L002_R1_001.fastq.gz	Escherichia phage T7	Illumina MiSeq	CLONEEND	GENOMIC	PCR	SINGLE
sample_26	x64_rep1_Lib1_TAGGCATG-GTAAGGAG_L002_R1_001.fastq.gz	Escherichia phage T7	Illumina MiSeq	CLONEEND	GENOMIC	PCR	SINGLE
sample_27	x68_rep2_Lib1_CGTACTAG-CTAAGCCT_L002_R1_001.fastq.gz	Escherichia phage T7	Illumina MiSeq	CLONEEND	GENOMIC	PCR	SINGLE
sample_28	x70_rep1_Lib1_TCCTGAGC-AAGGAGTA_L002_R1_001.fastq.gz	Escherichia phage T7	Illumina MiSeq	CLONEEND	GENOMIC	PCR	SINGLE
sample_29	x72_rep1_Lib1_TAGGCATG-AAGGAGTA_L002_R1_001.fastq.gz	Escherichia phage T7	Illumina MiSeq	CLONEEND	GENOMIC	PCR	SINGLE
sample_30	x74_rep1_Lib1_CAGAGAGG-AAGGAGTA_L002_R1_001.fastq.gz	Escherichia phage T7	Illumina MiSeq	CLONEEND	GENOMIC	PCR	SINGLE
sample_31	x76_rep1_Lib1_CGTACTAG-CGTCTAAT_L002_R1_001.fastq.gz	Escherichia phage T7	Illumina MiSeq	CLONEEND	GENOMIC	PCR	SINGLE
sample_32	x78_rep1_Lib1_TCCTGAGC-CGTCTAAT_L002_R1_001.fastq.gz	Escherichia phage T7	Illumina MiSeq	CLONEEND	GENOMIC	PCR	SINGLE
sample_33	x80_rep2_Lib1_TAGGCATG-TCTCTCCG_L002_R1_001.fastq.gz	Escherichia phage T7	Illumina MiSeq	CLONEEND	GENOMIC	PCR	SINGLE
sample_34	x82_rep1_Lib1_CAGAGAGG-CGTCTAAT_L002_R1_001.fastq.gz	Escherichia phage T7	Illumina MiSeq	CLONEEND	GENOMIC	PCR	SINGLE
sample_35	inputLib1_rep1_l2.fastq.gz	Escherichia phage T7	Illumina MiSeq	CLONEEND	GENOMIC	PCR	SINGLE
sample_36	inputLib1_rep2_l2.fastq.gz	Escherichia phage T7	Illumina MiSeq	CLONEEND	GENOMIC	PCR	SINGLE
sample_37	x82_rep2_Lib2_GTAGAGGA-TCTCTCCG_L002_R1_001.fastq.gz	Escherichia phage T7	Illumina MiSeq	CLONEEND	GENOMIC	PCR	SINGLE
sample_38	inputLib2_rep1_l2.fastq.gz	Escherichia phage T7	Illumina MiSeq	CLONEEND	GENOMIC	PCR	SINGLE
sample_39	inputLib2_rep2_l2.fastq.gz	Escherichia phage T7	Illumina MiSeq	CLONEEND	GENOMIC	PCR	SINGLE
sample_40	library-rep2_S56_L001_R1_001.fastq.gz	Escherichia phage T7	Illumina MiSeq	CLONEEND	GENOMIC	PCR	SINGLE
sample_41	library-rep1_S52_L001_R1_001.fastq.gz	Escherichia phage T7	Illumina MiSeq	CLONEEND	GENOMIC	PCR	SINGLE
sample_42	library-rep1_S49_L001_R1_001.fastq.gz	Escherichia phage T7	Illumina MiSeq	CLONEEND	GENOMIC	PCR	SINGLE
sample_43	library-rep2_S50_L001_R1_001.fastq.gz	Escherichia phage T7	Illumina MiSeq	CLONEEND	GENOMIC	PCR	SINGLE
sample_44	x36-S1-2_S8_L001_R1_001.fastq.gz	Escherichia phage T7	Illumina MiSeq	CLONEEND	GENOMIC	PCR	SINGLE
sample_45	x36-S2-2_S22_L001_R1_001.fastq.gz	Escherichia phage T7	Illumina MiSeq	CLONEEND	GENOMIC	PCR	SINGLE
sample_46	x37-S1-2_S9_L001_R1_001.fastq.gz	Escherichia phage T7	Illumina MiSeq	CLONEEND	GENOMIC	PCR	SINGLE
sample_47	x37-S2-2_S23_L001_R1_001.fastq.gz	Escherichia phage T7	Illumina MiSeq	CLONEEND	GENOMIC	PCR	SINGLE
sample_48	x38-S1-2_S10_L001_R1_001.fastq.gz	Escherichia phage T7	Illumina MiSeq	CLONEEND	GENOMIC	PCR	SINGLE
sample_49	x38-S2-2_S24_L001_R1_001.fastq.gz	Escherichia phage T7	Illumina MiSeq	CLONEEND	GENOMIC	PCR	SINGLE
sample_50	x39-S1-2_S11_L001_R1_001.fastq.gz	Escherichia phage T7	Illumina MiSeq	CLONEEND	GENOMIC	PCR	SINGLE
sample_51	x39-S2-2_S25_L001_R1_001.fastq.gz	Escherichia phage T7	Illumina MiSeq	CLONEEND	GENOMIC	PCR	SINGLE
sample_52	S1-library-2_S14_L001_R1_001.fastq.gz	Escherichia phage T7	Illumina MiSeq	CLONEEND	GENOMIC	PCR	SINGLE
sample_53	S1-library-1_S7_L001_R1_001.fastq.gz	Escherichia phage T7	Illumina MiSeq	CLONEEND	GENOMIC	PCR	SINGLE
sample_54	S2-library-1_S21_L001_R1_001.fastq.gz	Escherichia phage T7	Illumina MiSeq	CLONEEND	GENOMIC	PCR	SINGLE
sample_55	S2-library-2_S28_L001_R1_001.fastq.gz	Escherichia phage T7	Illumina MiSeq	CLONEEND	GENOMIC	PCR	SINGLE
sample_56	lib-S1-rep2_S4_L001_R1_001.fastq.gz	Escherichia phage T7	Illumina MiSeq	CLONEEND	GENOMIC	PCR	SINGLE
sample_57	lib-S1-rep1_S3_L001_R1_001.fastq.gz	Escherichia phage T7	Illumina MiSeq	CLONEEND	GENOMIC	PCR	SINGLE
sample_58	lib-S2-rep2_S8_L001_R1_001.fastq.gz	Escherichia phage T7	Illumina MiSeq	CLONEEND	GENOMIC	PCR	SINGLE
sample_59	lib-S2-rep1_S7_L001_R1_001.fastq.gz	Escherichia phage T7	Illumina MiSeq	CLONEEND	GENOMIC	PCR	SINGLE
sample_60	x223_rep1_lib1_S241_R1_001.fastq.gz	Escherichia phage T7	Illumina MiSeq	CLONEEND	GENOMIC	PCR	SINGLE
sample_61	x224_rep1_lib1_S249_R1_001.fastq.gz	Escherichia phage T7	Illumina MiSeq	CLONEEND	GENOMIC	PCR	SINGLE
sample_62	x225_rep1_lib1_S257_R1_001.fastq.gz	Escherichia phage T7	Illumina MiSeq	CLONEEND	GENOMIC	PCR	SINGLE
sample_63	x226_rep1_lib1_S265_R1_001.fastq.gz	Escherichia phage T7	Illumina MiSeq	CLONEEND	GENOMIC	PCR	SINGLE
sample_64	x227_rep1_lib1_S273_R1_001.fastq.gz	Escherichia phage T7	Illumina MiSeq	CLONEEND	GENOMIC	PCR	SINGLE
sample_65	x228_rep1_lib1_S281_R1_001.fastq.gz	Escherichia phage T7	Illumina MiSeq	CLONEEND	GENOMIC	PCR	SINGLE
sample_66	x229_rep1_lib1_S289_R1_001.fastq.gz	Escherichia phage T7	Illumina MiSeq	CLONEEND	GENOMIC	PCR	SINGLE
sample_67	x230_rep1_lib1_S297_R1_001.fastq.gz	Escherichia phage T7	Illumina MiSeq	CLONEEND	GENOMIC	PCR	SINGLE
sample_68	x231_rep1_lib1_S305_R1_001.fastq.gz	Escherichia phage T7	Illumina MiSeq	CLONEEND	GENOMIC	PCR	SINGLE
sample_69	x232_rep1_lib1_S313_R1_001.fastq.gz	Escherichia phage T7	Illumina MiSeq	CLONEEND	GENOMIC	PCR	SINGLE
sample_70	x233_rep1_lib1_S321_R1_001.fastq.gz	Escherichia phage T7	Illumina MiSeq	CLONEEND	GENOMIC	PCR	SINGLE
sample_71	x234_rep1_lib1_S329_R1_001.fastq.gz	Escherichia phage T7	Illumina MiSeq	CLONEEND	GENOMIC	PCR	SINGLE
sample_72	x235_rep1_lib1_S242_R1_001.fastq.gz	Escherichia phage T7	Illumina MiSeq	CLONEEND	GENOMIC	PCR	SINGLE
sample_73	x236_rep1_lib1_S250_R1_001.fastq.gz	Escherichia phage T7	Illumina MiSeq	CLONEEND	GENOMIC	PCR	SINGLE
sample_74	x237_rep1_lib1_S258_R1_001.fastq.gz	Escherichia phage T7	Illumina MiSeq	CLONEEND	GENOMIC	PCR	SINGLE
sample_75	x238_rep1_lib1_S266_R1_001.fastq.gz	Escherichia phage T7	Illumina MiSeq	CLONEEND	GENOMIC	PCR	SINGLE
sample_76	x239_rep1_lib1_S274_R1_001.fastq.gz	Escherichia phage T7	Illumina MiSeq	CLONEEND	GENOMIC	PCR	SINGLE
sample_77	x240_rep1_lib1_S282_R1_001.fastq.gz	Escherichia phage T7	Illumina MiSeq	CLONEEND	GENOMIC	PCR	SINGLE
sample_78	x241_rep1_lib1_S290_R1_001.fastq.gz	Escherichia phage T7	Illumina MiSeq	CLONEEND	GENOMIC	PCR	SINGLE
sample_79	x242_rep1_lib1_S298_R1_001.fastq.gz	Escherichia phage T7	Illumina MiSeq	CLONEEND	GENOMIC	PCR	SINGLE
sample_80	x243_rep1_lib1_S306_R1_001.fastq.gz	Escherichia phage T7	Illumina MiSeq	CLONEEND	GENOMIC	PCR	SINGLE
sample_81	x244_rep1_lib1_S314_R1_001.fastq.gz	Escherichia phage T7	Illumina MiSeq	CLONEEND	GENOMIC	PCR	SINGLE
sample_82	x245_rep1_lib1_S322_R1_001.fastq.gz	Escherichia phage T7	Illumina MiSeq	CLONEEND	GENOMIC	PCR	SINGLE
sample_83	x246_rep1_lib1_S330_R1_001.fastq.gz	Escherichia phage T7	Illumina MiSeq	CLONEEND	GENOMIC	PCR	SINGLE
sample_84	x247_rep1_lib1_S243_R1_001.fastq.gz	Escherichia phage T7	Illumina MiSeq	CLONEEND	GENOMIC	PCR	SINGLE
sample_85	x248_rep1_lib1_S251_R1_001.fastq.gz	Escherichia phage T7	Illumina MiSeq	CLONEEND	GENOMIC	PCR	SINGLE
sample_86	x249_rep1_lib1_S259_R1_001.fastq.gz	Escherichia phage T7	Illumina MiSeq	CLONEEND	GENOMIC	PCR	SINGLE
sample_87	x250_rep1_lib1_S267_R1_001.fastq.gz	Escherichia phage T7	Illumina MiSeq	CLONEEND	GENOMIC	PCR	SINGLE
sample_88	x251_rep1_lib1_S275_R1_001.fastq.gz	Escherichia phage T7	Illumina MiSeq	CLONEEND	GENOMIC	PCR	SINGLE
sample_89	x252_rep1_lib1_S283_R1_001.fastq.gz	Escherichia phage T7	Illumina MiSeq	CLONEEND	GENOMIC	PCR	SINGLE
sample_90	x253_rep1_lib1_S291_R1_001.fastq.gz	Escherichia phage T7	Illumina MiSeq	CLONEEND	GENOMIC	PCR	SINGLE
sample_91	x254_rep1_lib1_S299_R1_001.fastq.gz	Escherichia phage T7	Illumina MiSeq	CLONEEND	GENOMIC	PCR	SINGLE
sample_92	x255_rep1_lib1_S307_R1_001.fastq.gz	Escherichia phage T7	Illumina MiSeq	CLONEEND	GENOMIC	PCR	SINGLE
sample_93	x256_rep1_lib1_S315_R1_001.fastq.gz	Escherichia phage T7	Illumina MiSeq	CLONEEND	GENOMIC	PCR	SINGLE
sample_94	x257_rep1_lib1_S323_R1_001.fastq.gz	Escherichia phage T7	Illumina MiSeq	CLONEEND	GENOMIC	PCR	SINGLE
sample_95	x258_rep1_lib1_S331_R1_001.fastq.gz	Escherichia phage T7	Illumina MiSeq	CLONEEND	GENOMIC	PCR	SINGLE
sample_96	x259_rep1_lib1_S244_R1_001.fastq.gz	Escherichia phage T7	Illumina MiSeq	CLONEEND	GENOMIC	PCR	SINGLE
sample_97	x260_rep1_lib1_S252_R1_001.fastq.gz	Escherichia phage T7	Illumina MiSeq	CLONEEND	GENOMIC	PCR	SINGLE
sample_98	x261_rep1_lib1_S260_R1_001.fastq.gz	Escherichia phage T7	Illumina MiSeq	CLONEEND	GENOMIC	PCR	SINGLE
sample_99	x262_rep1_lib1_S268_R1_001.fastq.gz	Escherichia phage T7	Illumina MiSeq	CLONEEND	GENOMIC	PCR	SINGLE
sample_100	x263_rep1_lib1_S276_R1_001.fastq.gz	Escherichia phage T7	Illumina MiSeq	CLONEEND	GENOMIC	PCR	SINGLE
sample_101	x264_rep1_lib1_S284_R1_001.fastq.gz	Escherichia phage T7	Illumina MiSeq	CLONEEND	GENOMIC	PCR	SINGLE
sample_102	x265_rep1_lib1_S292_R1_001.fastq.gz	Escherichia phage T7	Illumina MiSeq	CLONEEND	GENOMIC	PCR	SINGLE
sample_103	x266_rep1_lib1_S300_R1_001.fastq.gz	Escherichia phage T7	Illumina MiSeq	CLONEEND	GENOMIC	PCR	SINGLE
sample_104	x267_rep1_lib1_S308_R1_001.fastq.gz	Escherichia phage T7	Illumina MiSeq	CLONEEND	GENOMIC	PCR	SINGLE
sample_105	x268_rep1_lib1_S316_R1_001.fastq.gz	Escherichia phage T7	Illumina MiSeq	CLONEEND	GENOMIC	PCR	SINGLE
sample_106	x269_rep1_lib1_S324_R1_001.fastq.gz	Escherichia phage T7	Illumina MiSeq	CLONEEND	GENOMIC	PCR	SINGLE
sample_107	x270_rep1_lib1_S332_R1_001.fastq.gz	Escherichia phage T7	Illumina MiSeq	CLONEEND	GENOMIC	PCR	SINGLE
sample_108	x271_rep1_lib1_S245_R1_001.fastq.gz	Escherichia phage T7	Illumina MiSeq	CLONEEND	GENOMIC	PCR	SINGLE
sample_109	x272_rep1_lib1_S253_R1_001.fastq.gz	Escherichia phage T7	Illumina MiSeq	CLONEEND	GENOMIC	PCR	SINGLE
sample_110	x273_rep1_lib1_S261_R1_001.fastq.gz	Escherichia phage T7	Illumina MiSeq	CLONEEND	GENOMIC	PCR	SINGLE
sample_111	x274_rep1_lib1_S269_R1_001.fastq.gz	Escherichia phage T7	Illumina MiSeq	CLONEEND	GENOMIC	PCR	SINGLE
sample_112	x275_rep1_lib1_S277_R1_001.fastq.gz	Escherichia phage T7	Illumina MiSeq	CLONEEND	GENOMIC	PCR	SINGLE
sample_113	x276_rep1_lib1_S285_R1_001.fastq.gz	Escherichia phage T7	Illumina MiSeq	CLONEEND	GENOMIC	PCR	SINGLE
sample_114	x277_rep1_lib1_S293_R1_001.fastq.gz	Escherichia phage T7	Illumina MiSeq	CLONEEND	GENOMIC	PCR	SINGLE
sample_115	x278_rep1_lib1_S301_R1_001.fastq.gz	Escherichia phage T7	Illumina MiSeq	CLONEEND	GENOMIC	PCR	SINGLE
sample_116	x279_rep1_lib1_S309_R1_001.fastq.gz	Escherichia phage T7	Illumina MiSeq	CLONEEND	GENOMIC	PCR	SINGLE
sample_117	x280_rep1_lib1_S317_R1_001.fastq.gz	Escherichia phage T7	Illumina MiSeq	CLONEEND	GENOMIC	PCR	SINGLE
sample_118	x281_rep1_lib1_S325_R1_001.fastq.gz	Escherichia phage T7	Illumina MiSeq	CLONEEND	GENOMIC	PCR	SINGLE
sample_119	x282_rep1_lib1_S333_R1_001.fastq.gz	Escherichia phage T7	Illumina MiSeq	CLONEEND	GENOMIC	PCR	SINGLE
sample_120	x283_rep1_lib1_S246_R1_001.fastq.gz	Escherichia phage T7	Illumina MiSeq	CLONEEND	GENOMIC	PCR	SINGLE
sample_121	x284_rep1_lib1_S254_R1_001.fastq.gz	Escherichia phage T7	Illumina MiSeq	CLONEEND	GENOMIC	PCR	SINGLE
sample_122	x285_rep1_lib1_S262_R1_001.fastq.gz	Escherichia phage T7	Illumina MiSeq	CLONEEND	GENOMIC	PCR	SINGLE
sample_123	x286_rep1_lib1_S270_R1_001.fastq.gz	Escherichia phage T7	Illumina MiSeq	CLONEEND	GENOMIC	PCR	SINGLE
sample_124	x287_rep1_lib1_S278_R1_001.fastq.gz	Escherichia phage T7	Illumina MiSeq	CLONEEND	GENOMIC	PCR	SINGLE
sample_125	x288_rep1_lib1_S286_R1_001.fastq.gz	Escherichia phage T7	Illumina MiSeq	CLONEEND	GENOMIC	PCR	SINGLE
sample_126	x289_rep1_lib1_S294_R1_001.fastq.gz	Escherichia phage T7	Illumina MiSeq	CLONEEND	GENOMIC	PCR	SINGLE
sample_127	x290_rep1_lib1_S302_R1_001.fastq.gz	Escherichia phage T7	Illumina MiSeq	CLONEEND	GENOMIC	PCR	SINGLE
sample_128	x291_rep1_lib1_S310_R1_001.fastq.gz	Escherichia phage T7	Illumina MiSeq	CLONEEND	GENOMIC	PCR	SINGLE
sample_129	x292_rep1_lib1_S318_R1_001.fastq.gz	Escherichia phage T7	Illumina MiSeq	CLONEEND	GENOMIC	PCR	SINGLE
sample_130	x293_rep1_lib1_S326_R1_001.fastq.gz	Escherichia phage T7	Illumina MiSeq	CLONEEND	GENOMIC	PCR	SINGLE
sample_131	x294_rep1_lib1_S334_R1_001.fastq.gz	Escherichia phage T7	Illumina MiSeq	CLONEEND	GENOMIC	PCR	SINGLE
sample_132	x295_rep1_lib1_S247_R1_001.fastq.gz	Escherichia phage T7	Illumina MiSeq	CLONEEND	GENOMIC	PCR	SINGLE
sample_133	x296_rep1_lib1_S255_R1_001.fastq.gz	Escherichia phage T7	Illumina MiSeq	CLONEEND	GENOMIC	PCR	SINGLE
sample_134	x297_rep1_lib1_S263_R1_001.fastq.gz	Escherichia phage T7	Illumina MiSeq	CLONEEND	GENOMIC	PCR	SINGLE
sample_135	x298_rep1_lib1_S271_R1_001.fastq.gz	Escherichia phage T7	Illumina MiSeq	CLONEEND	GENOMIC	PCR	SINGLE
sample_136	x299_rep1_lib1_S279_R1_001.fastq.gz	Escherichia phage T7	Illumina MiSeq	CLONEEND	GENOMIC	PCR	SINGLE
sample_137	x300_rep1_lib1_S287_R1_001.fastq.gz	Escherichia phage T7	Illumina MiSeq	CLONEEND	GENOMIC	PCR	SINGLE
sample_138	x301_rep1_lib1_S295_R1_001.fastq.gz	Escherichia phage T7	Illumina MiSeq	CLONEEND	GENOMIC	PCR	SINGLE
sample_139	x302_rep1_lib1_S303_R1_001.fastq.gz	Escherichia phage T7	Illumina MiSeq	CLONEEND	GENOMIC	PCR	SINGLE
sample_140	x303_rep1_lib1_S311_R1_001.fastq.gz	Escherichia phage T7	Illumina MiSeq	CLONEEND	GENOMIC	PCR	SINGLE
sample_141	x304_rep1_lib1_S319_R1_001.fastq.gz	Escherichia phage T7	Illumina MiSeq	CLONEEND	GENOMIC	PCR	SINGLE
sample_142	x305_rep1_lib1_S327_R1_001.fastq.gz	Escherichia phage T7	Illumina MiSeq	CLONEEND	GENOMIC	PCR	SINGLE
sample_143	x306_rep1_lib1_S335_R1_001.fastq.gz	Escherichia phage T7	Illumina MiSeq	CLONEEND	GENOMIC	PCR	SINGLE
sample_144	x307_rep1_lib1_S248_R1_001.fastq.gz	Escherichia phage T7	Illumina MiSeq	CLONEEND	GENOMIC	PCR	SINGLE
sample_145	x308_rep1_lib1_S256_R1_001.fastq.gz	Escherichia phage T7	Illumina MiSeq	CLONEEND	GENOMIC	PCR	SINGLE
sample_146	x309_rep1_lib1_S264_R1_001.fastq.gz	Escherichia phage T7	Illumina MiSeq	CLONEEND	GENOMIC	PCR	SINGLE
sample_147	x310_rep1_lib1_S272_R1_001.fastq.gz	Escherichia phage T7	Illumina MiSeq	CLONEEND	GENOMIC	PCR	SINGLE
sample_148	x311_rep1_lib1_S280_R1_001.fastq.gz	Escherichia phage T7	Illumina MiSeq	CLONEEND	GENOMIC	PCR	SINGLE
sample_149	x312_rep1_lib1_S288_R1_001.fastq.gz	Escherichia phage T7	Illumina MiSeq	CLONEEND	GENOMIC	PCR	SINGLE
sample_150	x313_rep1_lib1_S296_R1_001.fastq.gz	Escherichia phage T7	Illumina MiSeq	CLONEEND	GENOMIC	PCR	SINGLE
sample_151	x314_rep1_lib1_S304_R1_001.fastq.gz	Escherichia phage T7	Illumina MiSeq	CLONEEND	GENOMIC	PCR	SINGLE
sample_152	x315_rep1_lib1_S312_R1_001.fastq.gz	Escherichia phage T7	Illumina MiSeq	CLONEEND	GENOMIC	PCR	SINGLE
sample_153	x316_rep1_lib1_S320_R1_001.fastq.gz	Escherichia phage T7	Illumina MiSeq	CLONEEND	GENOMIC	PCR	SINGLE
sample_154	x317_rep1_lib1_S328_R1_001.fastq.gz	Escherichia phage T7	Illumina MiSeq	CLONEEND	GENOMIC	PCR	SINGLE
sample_155	x318_rep1_lib1_S336_R1_001.fastq.gz	Escherichia phage T7	Illumina MiSeq	CLONEEND	GENOMIC	PCR	SINGLE
sample_156	x319_rep1_lib1_S433_R1_001.fastq.gz	Escherichia phage T7	Illumina MiSeq	CLONEEND	GENOMIC	PCR	SINGLE
sample_157	x320_rep1_lib1_S434_R1_001.fastq.gz	Escherichia phage T7	Illumina MiSeq	CLONEEND	GENOMIC	PCR	SINGLE
sample_158	x223_rep1_lib2_S337_R1_001.fastq.gz	Escherichia phage T7	Illumina MiSeq	CLONEEND	GENOMIC	PCR	SINGLE
sample_159	x224_rep1_lib2_S345_R1_001.fastq.gz	Escherichia phage T7	Illumina MiSeq	CLONEEND	GENOMIC	PCR	SINGLE
sample_160	x225_rep1_lib2_S353_R1_001.fastq.gz	Escherichia phage T7	Illumina MiSeq	CLONEEND	GENOMIC	PCR	SINGLE
sample_161	x226_rep1_lib2_S361_R1_001.fastq.gz	Escherichia phage T7	Illumina MiSeq	CLONEEND	GENOMIC	PCR	SINGLE
sample_162	x227_rep1_lib2_S369_R1_001.fastq.gz	Escherichia phage T7	Illumina MiSeq	CLONEEND	GENOMIC	PCR	SINGLE
sample_163	x228_rep1_lib2_S377_R1_001.fastq.gz	Escherichia phage T7	Illumina MiSeq	CLONEEND	GENOMIC	PCR	SINGLE
sample_164	x229_rep1_lib2_S385_R1_001.fastq.gz	Escherichia phage T7	Illumina MiSeq	CLONEEND	GENOMIC	PCR	SINGLE
sample_165	x230_rep1_lib2_S393_R1_001.fastq.gz	Escherichia phage T7	Illumina MiSeq	CLONEEND	GENOMIC	PCR	SINGLE
sample_166	x231_rep1_lib2_S401_R1_001.fastq.gz	Escherichia phage T7	Illumina MiSeq	CLONEEND	GENOMIC	PCR	SINGLE
sample_167	x232_rep1_lib2_S409_R1_001.fastq.gz	Escherichia phage T7	Illumina MiSeq	CLONEEND	GENOMIC	PCR	SINGLE
sample_168	x233_rep1_lib2_S417_R1_001.fastq.gz	Escherichia phage T7	Illumina MiSeq	CLONEEND	GENOMIC	PCR	SINGLE
sample_169	x234_rep1_lib2_S425_R1_001.fastq.gz	Escherichia phage T7	Illumina MiSeq	CLONEEND	GENOMIC	PCR	SINGLE
sample_170	x235_rep1_lib2_S338_R1_001.fastq.gz	Escherichia phage T7	Illumina MiSeq	CLONEEND	GENOMIC	PCR	SINGLE
sample_171	x236_rep1_lib2_S346_R1_001.fastq.gz	Escherichia phage T7	Illumina MiSeq	CLONEEND	GENOMIC	PCR	SINGLE
sample_172	x237_rep1_lib2_S354_R1_001.fastq.gz	Escherichia phage T7	Illumina MiSeq	CLONEEND	GENOMIC	PCR	SINGLE
sample_173	x238_rep1_lib2_S362_R1_001.fastq.gz	Escherichia phage T7	Illumina MiSeq	CLONEEND	GENOMIC	PCR	SINGLE
sample_174	x239_rep1_lib2_S370_R1_001.fastq.gz	Escherichia phage T7	Illumina MiSeq	CLONEEND	GENOMIC	PCR	SINGLE
sample_175	x240_rep1_lib2_S378_R1_001.fastq.gz	Escherichia phage T7	Illumina MiSeq	CLONEEND	GENOMIC	PCR	SINGLE
sample_176	x241_rep1_lib2_S386_R1_001.fastq.gz	Escherichia phage T7	Illumina MiSeq	CLONEEND	GENOMIC	PCR	SINGLE
sample_177	x242_rep1_lib2_S394_R1_001.fastq.gz	Escherichia phage T7	Illumina MiSeq	CLONEEND	GENOMIC	PCR	SINGLE
sample_178	x243_rep1_lib2_S402_R1_001.fastq.gz	Escherichia phage T7	Illumina MiSeq	CLONEEND	GENOMIC	PCR	SINGLE
sample_179	x244_rep1_lib2_S410_R1_001.fastq.gz	Escherichia phage T7	Illumina MiSeq	CLONEEND	GENOMIC	PCR	SINGLE
sample_180	x245_rep1_lib2_S418_R1_001.fastq.gz	Escherichia phage T7	Illumina MiSeq	CLONEEND	GENOMIC	PCR	SINGLE
sample_181	x246_rep1_lib2_S426_R1_001.fastq.gz	Escherichia phage T7	Illumina MiSeq	CLONEEND	GENOMIC	PCR	SINGLE
sample_182	x247_rep1_lib2_S339_R1_001.fastq.gz	Escherichia phage T7	Illumina MiSeq	CLONEEND	GENOMIC	PCR	SINGLE
sample_183	x248_rep1_lib2_S347_R1_001.fastq.gz	Escherichia phage T7	Illumina MiSeq	CLONEEND	GENOMIC	PCR	SINGLE
sample_184	x249_rep1_lib2_S355_R1_001.fastq.gz	Escherichia phage T7	Illumina MiSeq	CLONEEND	GENOMIC	PCR	SINGLE
sample_185	x250_rep1_lib2_S363_R1_001.fastq.gz	Escherichia phage T7	Illumina MiSeq	CLONEEND	GENOMIC	PCR	SINGLE
sample_186	x251_rep1_lib2_S371_R1_001.fastq.gz	Escherichia phage T7	Illumina MiSeq	CLONEEND	GENOMIC	PCR	SINGLE
sample_187	x252_rep1_lib2_S379_R1_001.fastq.gz	Escherichia phage T7	Illumina MiSeq	CLONEEND	GENOMIC	PCR	SINGLE
sample_188	x253_rep1_lib2_S387_R1_001.fastq.gz	Escherichia phage T7	Illumina MiSeq	CLONEEND	GENOMIC	PCR	SINGLE
sample_189	x254_rep1_lib2_S395_R1_001.fastq.gz	Escherichia phage T7	Illumina MiSeq	CLONEEND	GENOMIC	PCR	SINGLE
sample_190	x255_rep1_lib2_S403_R1_001.fastq.gz	Escherichia phage T7	Illumina MiSeq	CLONEEND	GENOMIC	PCR	SINGLE
sample_191	x256_rep1_lib2_S411_R1_001.fastq.gz	Escherichia phage T7	Illumina MiSeq	CLONEEND	GENOMIC	PCR	SINGLE
sample_192	x257_rep1_lib2_S419_R1_001.fastq.gz	Escherichia phage T7	Illumina MiSeq	CLONEEND	GENOMIC	PCR	SINGLE
sample_193	x258_rep1_lib2_S427_R1_001.fastq.gz	Escherichia phage T7	Illumina MiSeq	CLONEEND	GENOMIC	PCR	SINGLE
sample_194	x259_rep1_lib2_S340_R1_001.fastq.gz	Escherichia phage T7	Illumina MiSeq	CLONEEND	GENOMIC	PCR	SINGLE
sample_195	x260_rep1_lib2_S348_R1_001.fastq.gz	Escherichia phage T7	Illumina MiSeq	CLONEEND	GENOMIC	PCR	SINGLE
sample_196	x261_rep1_lib2_S356_R1_001.fastq.gz	Escherichia phage T7	Illumina MiSeq	CLONEEND	GENOMIC	PCR	SINGLE
sample_197	x262_rep1_lib2_S364_R1_001.fastq.gz	Escherichia phage T7	Illumina MiSeq	CLONEEND	GENOMIC	PCR	SINGLE
sample_198	x263_rep1_lib2_S372_R1_001.fastq.gz	Escherichia phage T7	Illumina MiSeq	CLONEEND	GENOMIC	PCR	SINGLE
sample_199	x264_rep1_lib2_S380_R1_001.fastq.gz	Escherichia phage T7	Illumina MiSeq	CLONEEND	GENOMIC	PCR	SINGLE
sample_200	x265_rep1_lib2_S388_R1_001.fastq.gz	Escherichia phage T7	Illumina MiSeq	CLONEEND	GENOMIC	PCR	SINGLE
sample_201	x266_rep1_lib2_S396_R1_001.fastq.gz	Escherichia phage T7	Illumina MiSeq	CLONEEND	GENOMIC	PCR	SINGLE
sample_202	x267_rep1_lib2_S404_R1_001.fastq.gz	Escherichia phage T7	Illumina MiSeq	CLONEEND	GENOMIC	PCR	SINGLE
sample_203	x268_rep1_lib2_S412_R1_001.fastq.gz	Escherichia phage T7	Illumina MiSeq	CLONEEND	GENOMIC	PCR	SINGLE
sample_204	x269_rep1_lib2_S420_R1_001.fastq.gz	Escherichia phage T7	Illumina MiSeq	CLONEEND	GENOMIC	PCR	SINGLE
sample_205	x270_rep1_lib2_S428_R1_001.fastq.gz	Escherichia phage T7	Illumina MiSeq	CLONEEND	GENOMIC	PCR	SINGLE
sample_206	x271_rep1_lib2_S341_R1_001.fastq.gz	Escherichia phage T7	Illumina MiSeq	CLONEEND	GENOMIC	PCR	SINGLE
sample_207	x272_rep1_lib2_S349_R1_001.fastq.gz	Escherichia phage T7	Illumina MiSeq	CLONEEND	GENOMIC	PCR	SINGLE
sample_208	x273_rep1_lib2_S357_R1_001.fastq.gz	Escherichia phage T7	Illumina MiSeq	CLONEEND	GENOMIC	PCR	SINGLE
sample_209	x274_rep1_lib2_S365_R1_001.fastq.gz	Escherichia phage T7	Illumina MiSeq	CLONEEND	GENOMIC	PCR	SINGLE
sample_210	x275_rep1_lib2_S373_R1_001.fastq.gz	Escherichia phage T7	Illumina MiSeq	CLONEEND	GENOMIC	PCR	SINGLE
sample_211	x276_rep1_lib2_S381_R1_001.fastq.gz	Escherichia phage T7	Illumina MiSeq	CLONEEND	GENOMIC	PCR	SINGLE
sample_212	x277_rep1_lib2_S389_R1_001.fastq.gz	Escherichia phage T7	Illumina MiSeq	CLONEEND	GENOMIC	PCR	SINGLE
sample_213	x278_rep1_lib2_S397_R1_001.fastq.gz	Escherichia phage T7	Illumina MiSeq	CLONEEND	GENOMIC	PCR	SINGLE
sample_214	x279_rep1_lib2_S405_R1_001.fastq.gz	Escherichia phage T7	Illumina MiSeq	CLONEEND	GENOMIC	PCR	SINGLE
sample_215	x280_rep1_lib2_S413_R1_001.fastq.gz	Escherichia phage T7	Illumina MiSeq	CLONEEND	GENOMIC	PCR	SINGLE
sample_216	x281_rep1_lib2_S421_R1_001.fastq.gz	Escherichia phage T7	Illumina MiSeq	CLONEEND	GENOMIC	PCR	SINGLE
sample_217	x282_rep1_lib2_S429_R1_001.fastq.gz	Escherichia phage T7	Illumina MiSeq	CLONEEND	GENOMIC	PCR	SINGLE
sample_218	x283_rep1_lib2_S342_R1_001.fastq.gz	Escherichia phage T7	Illumina MiSeq	CLONEEND	GENOMIC	PCR	SINGLE
sample_219	x284_rep1_lib2_S350_R1_001.fastq.gz	Escherichia phage T7	Illumina MiSeq	CLONEEND	GENOMIC	PCR	SINGLE
sample_220	x285_rep1_lib2_S358_R1_001.fastq.gz	Escherichia phage T7	Illumina MiSeq	CLONEEND	GENOMIC	PCR	SINGLE
sample_221	x286_rep1_lib2_S366_R1_001.fastq.gz	Escherichia phage T7	Illumina MiSeq	CLONEEND	GENOMIC	PCR	SINGLE
sample_222	x287_rep1_lib2_S374_R1_001.fastq.gz	Escherichia phage T7	Illumina MiSeq	CLONEEND	GENOMIC	PCR	SINGLE
sample_223	x288_rep1_lib2_S382_R1_001.fastq.gz	Escherichia phage T7	Illumina MiSeq	CLONEEND	GENOMIC	PCR	SINGLE
sample_224	x289_rep1_lib2_S390_R1_001.fastq.gz	Escherichia phage T7	Illumina MiSeq	CLONEEND	GENOMIC	PCR	SINGLE
sample_225	x290_rep1_lib2_S398_R1_001.fastq.gz	Escherichia phage T7	Illumina MiSeq	CLONEEND	GENOMIC	PCR	SINGLE
sample_226	x291_rep1_lib2_S406_R1_001.fastq.gz	Escherichia phage T7	Illumina MiSeq	CLONEEND	GENOMIC	PCR	SINGLE
sample_227	x292_rep1_lib2_S414_R1_001.fastq.gz	Escherichia phage T7	Illumina MiSeq	CLONEEND	GENOMIC	PCR	SINGLE
sample_228	x293_rep1_lib2_S422_R1_001.fastq.gz	Escherichia phage T7	Illumina MiSeq	CLONEEND	GENOMIC	PCR	SINGLE
sample_229	x294_rep1_lib2_S430_R1_001.fastq.gz	Escherichia phage T7	Illumina MiSeq	CLONEEND	GENOMIC	PCR	SINGLE
sample_230	x295_rep1_lib2_S343_R1_001.fastq.gz	Escherichia phage T7	Illumina MiSeq	CLONEEND	GENOMIC	PCR	SINGLE
sample_231	x296_rep1_lib2_S351_R1_001.fastq.gz	Escherichia phage T7	Illumina MiSeq	CLONEEND	GENOMIC	PCR	SINGLE
sample_232	x297_rep1_lib2_S359_R1_001.fastq.gz	Escherichia phage T7	Illumina MiSeq	CLONEEND	GENOMIC	PCR	SINGLE
sample_233	x298_rep1_lib2_S367_R1_001.fastq.gz	Escherichia phage T7	Illumina MiSeq	CLONEEND	GENOMIC	PCR	SINGLE
sample_234	x299_rep1_lib2_S375_R1_001.fastq.gz	Escherichia phage T7	Illumina MiSeq	CLONEEND	GENOMIC	PCR	SINGLE
sample_235	x300_rep1_lib2_S383_R1_001.fastq.gz	Escherichia phage T7	Illumina MiSeq	CLONEEND	GENOMIC	PCR	SINGLE
sample_236	x301_rep1_lib2_S391_R1_001.fastq.gz	Escherichia phage T7	Illumina MiSeq	CLONEEND	GENOMIC	PCR	SINGLE
sample_237	x302_rep1_lib2_S399_R1_001.fastq.gz	Escherichia phage T7	Illumina MiSeq	CLONEEND	GENOMIC	PCR	SINGLE
sample_238	x303_rep1_lib2_S407_R1_001.fastq.gz	Escherichia phage T7	Illumina MiSeq	CLONEEND	GENOMIC	PCR	SINGLE
sample_239	x304_rep1_lib2_S415_R1_001.fastq.gz	Escherichia phage T7	Illumina MiSeq	CLONEEND	GENOMIC	PCR	SINGLE
sample_240	x305_rep1_lib2_S423_R1_001.fastq.gz	Escherichia phage T7	Illumina MiSeq	CLONEEND	GENOMIC	PCR	SINGLE
sample_241	x306_rep1_lib2_S431_R1_001.fastq.gz	Escherichia phage T7	Illumina MiSeq	CLONEEND	GENOMIC	PCR	SINGLE
sample_242	x307_rep1_lib2_S344_R1_001.fastq.gz	Escherichia phage T7	Illumina MiSeq	CLONEEND	GENOMIC	PCR	SINGLE
sample_243	x308_rep1_lib2_S352_R1_001.fastq.gz	Escherichia phage T7	Illumina MiSeq	CLONEEND	GENOMIC	PCR	SINGLE
sample_244	x309_rep1_lib2_S360_R1_001.fastq.gz	Escherichia phage T7	Illumina MiSeq	CLONEEND	GENOMIC	PCR	SINGLE
sample_245	x310_rep1_lib2_S368_R1_001.fastq.gz	Escherichia phage T7	Illumina MiSeq	CLONEEND	GENOMIC	PCR	SINGLE
sample_246	x311_rep1_lib2_S376_R1_001.fastq.gz	Escherichia phage T7	Illumina MiSeq	CLONEEND	GENOMIC	PCR	SINGLE
sample_247	x312_rep1_lib2_S384_R1_001.fastq.gz	Escherichia phage T7	Illumina MiSeq	CLONEEND	GENOMIC	PCR	SINGLE
sample_248	x313_rep1_lib2_S392_R1_001.fastq.gz	Escherichia phage T7	Illumina MiSeq	CLONEEND	GENOMIC	PCR	SINGLE
sample_249	x314_rep1_lib2_S400_R1_001.fastq.gz	Escherichia phage T7	Illumina MiSeq	CLONEEND	GENOMIC	PCR	SINGLE
sample_250	x315_rep1_lib2_S408_R1_001.fastq.gz	Escherichia phage T7	Illumina MiSeq	CLONEEND	GENOMIC	PCR	SINGLE
sample_251	x316_rep1_lib2_S416_R1_001.fastq.gz	Escherichia phage T7	Illumina MiSeq	CLONEEND	GENOMIC	PCR	SINGLE
sample_252	x317_rep1_lib2_S424_R1_001.fastq.gz	Escherichia phage T7	Illumina MiSeq	CLONEEND	GENOMIC	PCR	SINGLE
sample_253	x318_rep1_lib2_S432_R1_001.fastq.gz	Escherichia phage T7	Illumina MiSeq	CLONEEND	GENOMIC	PCR	SINGLE
sample_254	x319_rep1_lib2_S439_R1_001.fastq.gz	Escherichia phage T7	Illumina MiSeq	CLONEEND	GENOMIC	PCR	SINGLE
sample_255	x320_rep1_lib2_S440_R1_001.fastq.gz	Escherichia phage T7	Illumina MiSeq	CLONEEND	GENOMIC	PCR	SINGLE
sample_256	input_rep1_lib1_S436_R1_001.fastq.gz	Escherichia phage T7	Illumina MiSeq	CLONEEND	GENOMIC	PCR	SINGLE
sample_257	input_rep2_lib1_S438_R1_001.fastq.gz	Escherichia phage T7	Illumina MiSeq	CLONEEND	GENOMIC	PCR	SINGLE
sample_258	input_rep1_lib2_S445_R1_001.fastq.gz	Escherichia phage T7	Illumina MiSeq	CLONEEND	GENOMIC	PCR	SINGLE
sample_259	input_rep2_lib2_S446_R1_001.fastq.gz	Escherichia phage T7	Illumina MiSeq	CLONEEND	GENOMIC	PCR	SINGLE
sample_260	S1_beads1_S1_R1_001.fastq.gz	Escherichia phage T7	Illumina MiSeq	CLONEEND	GENOMIC	PCR	SINGLE
sample_261	S1_beads2_S2_R1_001.fastq.gz	Escherichia phage T7	Illumina MiSeq	CLONEEND	GENOMIC	PCR	SINGLE
sample_262	S1_beads3_S3_R1_001.fastq.gz	Escherichia phage T7	Illumina MiSeq	CLONEEND	GENOMIC	PCR	SINGLE
sample_263	S1_beads4_S4_R1_001.fastq.gz	Escherichia phage T7	Illumina MiSeq	CLONEEND	GENOMIC	PCR	SINGLE
sample_264	S1_beads5_S5_R1_001.fastq.gz	Escherichia phage T7	Illumina MiSeq	CLONEEND	GENOMIC	PCR	SINGLE
sample_265	S1_beads6_S6_R1_001.fastq.gz	Escherichia phage T7	Illumina MiSeq	CLONEEND	GENOMIC	PCR	SINGLE
sample_266	S1_beads7_S7_R1_001.fastq.gz	Escherichia phage T7	Illumina MiSeq	CLONEEND	GENOMIC	PCR	SINGLE
sample_267	S1_beads8_S8_R1_001.fastq.gz	Escherichia phage T7	Illumina MiSeq	CLONEEND	GENOMIC	PCR	SINGLE
sample_268	S1_beads9_S9_R1_001.fastq.gz	Escherichia phage T7	Illumina MiSeq	CLONEEND	GENOMIC	PCR	SINGLE
sample_269	S1_beads10_S10_R1_001.fastq.gz	Escherichia phage T7	Illumina MiSeq	CLONEEND	GENOMIC	PCR	SINGLE
sample_270	S1_beads11_S11_R1_001.fastq.gz	Escherichia phage T7	Illumina MiSeq	CLONEEND	GENOMIC	PCR	SINGLE
sample_271	S1_beads12_S12_R1_001.fastq.gz	Escherichia phage T7	Illumina MiSeq	CLONEEND	GENOMIC	PCR	SINGLE
sample_272	S1_beads13_S13_R1_001.fastq.gz	Escherichia phage T7	Illumina MiSeq	CLONEEND	GENOMIC	PCR	SINGLE
sample_273	S1_beads14_S14_R1_001.fastq.gz	Escherichia phage T7	Illumina MiSeq	CLONEEND	GENOMIC	PCR	SINGLE
sample_274	S1_beads15_S15_R1_001.fastq.gz	Escherichia phage T7	Illumina MiSeq	CLONEEND	GENOMIC	PCR	SINGLE
sample_275	S1_beads16_S16_R1_001.fastq.gz	Escherichia phage T7	Illumina MiSeq	CLONEEND	GENOMIC	PCR	SINGLE
sample_276	S1_beads17_S17_R1_001.fastq.gz	Escherichia phage T7	Illumina MiSeq	CLONEEND	GENOMIC	PCR	SINGLE
sample_277	S1_beads18_S18_R1_001.fastq.gz	Escherichia phage T7	Illumina MiSeq	CLONEEND	GENOMIC	PCR	SINGLE
sample_278	S1_beads19_S19_R1_001.fastq.gz	Escherichia phage T7	Illumina MiSeq	CLONEEND	GENOMIC	PCR	SINGLE
sample_279	S1_beads20_S20_R1_001.fastq.gz	Escherichia phage T7	Illumina MiSeq	CLONEEND	GENOMIC	PCR	SINGLE
sample_280	S1_beads21_S21_R1_001.fastq.gz	Escherichia phage T7	Illumina MiSeq	CLONEEND	GENOMIC	PCR	SINGLE
sample_281	S1_beads22_S22_R1_001.fastq.gz	Escherichia phage T7	Illumina MiSeq	CLONEEND	GENOMIC	PCR	SINGLE
sample_282	S1_beads23_S23_R1_001.fastq.gz	Escherichia phage T7	Illumina MiSeq	CLONEEND	GENOMIC	PCR	SINGLE
sample_283	S1_beads24_S24_R1_001.fastq.gz	Escherichia phage T7	Illumina MiSeq	CLONEEND	GENOMIC	PCR	SINGLE
sample_284	S1_beads25_S25_R1_001.fastq.gz	Escherichia phage T7	Illumina MiSeq	CLONEEND	GENOMIC	PCR	SINGLE
sample_285	S1_beads26_S26_R1_001.fastq.gz	Escherichia phage T7	Illumina MiSeq	CLONEEND	GENOMIC	PCR	SINGLE
sample_286	S1_beads27_S27_R1_001.fastq.gz	Escherichia phage T7	Illumina MiSeq	CLONEEND	GENOMIC	PCR	SINGLE
sample_287	S1_beads28_S28_R1_001.fastq.gz	Escherichia phage T7	Illumina MiSeq	CLONEEND	GENOMIC	PCR	SINGLE
sample_288	S1_beads29_S29_R1_001.fastq.gz	Escherichia phage T7	Illumina MiSeq	CLONEEND	GENOMIC	PCR	SINGLE
sample_289	S1_beads30_S30_R1_001.fastq.gz	Escherichia phage T7	Illumina MiSeq	CLONEEND	GENOMIC	PCR	SINGLE
sample_290	S1_beads31_S31_R1_001.fastq.gz	Escherichia phage T7	Illumina MiSeq	CLONEEND	GENOMIC	PCR	SINGLE
sample_291	S1_beads32_S32_R1_001.fastq.gz	Escherichia phage T7	Illumina MiSeq	CLONEEND	GENOMIC	PCR	SINGLE
sample_292	S1_beads33_S33_R1_001.fastq.gz	Escherichia phage T7	Illumina MiSeq	CLONEEND	GENOMIC	PCR	SINGLE
sample_293	S1_beads34_S34_R1_001.fastq.gz	Escherichia phage T7	Illumina MiSeq	CLONEEND	GENOMIC	PCR	SINGLE
sample_294	S1_beads35_S35_R1_001.fastq.gz	Escherichia phage T7	Illumina MiSeq	CLONEEND	GENOMIC	PCR	SINGLE
sample_295	S1_beads36_S36_R1_001.fastq.gz	Escherichia phage T7	Illumina MiSeq	CLONEEND	GENOMIC	PCR	SINGLE
sample_296	S1_beads37_S37_R1_001.fastq.gz	Escherichia phage T7	Illumina MiSeq	CLONEEND	GENOMIC	PCR	SINGLE
sample_297	S1_beads38_S38_R1_001.fastq.gz	Escherichia phage T7	Illumina MiSeq	CLONEEND	GENOMIC	PCR	SINGLE
sample_298	S1_beads39_S39_R1_001.fastq.gz	Escherichia phage T7	Illumina MiSeq	CLONEEND	GENOMIC	PCR	SINGLE
sample_299	S1_beads40_S40_R1_001.fastq.gz	Escherichia phage T7	Illumina MiSeq	CLONEEND	GENOMIC	PCR	SINGLE
sample_300	S1_beads41_S41_R1_001.fastq.gz	Escherichia phage T7	Illumina MiSeq	CLONEEND	GENOMIC	PCR	SINGLE
sample_301	S1_beads42_S42_R1_001.fastq.gz	Escherichia phage T7	Illumina MiSeq	CLONEEND	GENOMIC	PCR	SINGLE
sample_302	S1_beads43_S43_R1_001.fastq.gz	Escherichia phage T7	Illumina MiSeq	CLONEEND	GENOMIC	PCR	SINGLE
sample_303	S1_beads44_S44_R1_001.fastq.gz	Escherichia phage T7	Illumina MiSeq	CLONEEND	GENOMIC	PCR	SINGLE
sample_304	S1_beads45_S45_R1_001.fastq.gz	Escherichia phage T7	Illumina MiSeq	CLONEEND	GENOMIC	PCR	SINGLE
sample_305	S1_beads46_S46_R1_001.fastq.gz	Escherichia phage T7	Illumina MiSeq	CLONEEND	GENOMIC	PCR	SINGLE
sample_306	S1_beads47_S47_R1_001.fastq.gz	Escherichia phage T7	Illumina MiSeq	CLONEEND	GENOMIC	PCR	SINGLE
sample_307	S1_beads48_S48_R1_001.fastq.gz	Escherichia phage T7	Illumina MiSeq	CLONEEND	GENOMIC	PCR	SINGLE
sample_308	S1_beads49_S49_R1_001.fastq.gz	Escherichia phage T7	Illumina MiSeq	CLONEEND	GENOMIC	PCR	SINGLE
sample_309	S1_beads50_S50_R1_001.fastq.gz	Escherichia phage T7	Illumina MiSeq	CLONEEND	GENOMIC	PCR	SINGLE
sample_310	S1_beads51_S51_R1_001.fastq.gz	Escherichia phage T7	Illumina MiSeq	CLONEEND	GENOMIC	PCR	SINGLE
sample_311	S1_beads52_S52_R1_001.fastq.gz	Escherichia phage T7	Illumina MiSeq	CLONEEND	GENOMIC	PCR	SINGLE
sample_312	S1_beads53_S53_R1_001.fastq.gz	Escherichia phage T7	Illumina MiSeq	CLONEEND	GENOMIC	PCR	SINGLE
sample_313	S1_beads54_S54_R1_001.fastq.gz	Escherichia phage T7	Illumina MiSeq	CLONEEND	GENOMIC	PCR	SINGLE
sample_314	S1_beads55_S55_R1_001.fastq.gz	Escherichia phage T7	Illumina MiSeq	CLONEEND	GENOMIC	PCR	SINGLE
sample_315	S1_beads56_S56_R1_001.fastq.gz	Escherichia phage T7	Illumina MiSeq	CLONEEND	GENOMIC	PCR	SINGLE
sample_316	S1_beads57_S57_R1_001.fastq.gz	Escherichia phage T7	Illumina MiSeq	CLONEEND	GENOMIC	PCR	SINGLE
sample_317	S1_beads58_S58_R1_001.fastq.gz	Escherichia phage T7	Illumina MiSeq	CLONEEND	GENOMIC	PCR	SINGLE
sample_318	S1_beads59_S59_R1_001.fastq.gz	Escherichia phage T7	Illumina MiSeq	CLONEEND	GENOMIC	PCR	SINGLE
sample_319	S1_beads60_S60_R1_001.fastq.gz	Escherichia phage T7	Illumina MiSeq	CLONEEND	GENOMIC	PCR	SINGLE
sample_320	S1_beads61_S61_R1_001.fastq.gz	Escherichia phage T7	Illumina MiSeq	CLONEEND	GENOMIC	PCR	SINGLE
sample_321	S1_beads62_S62_R1_001.fastq.gz	Escherichia phage T7	Illumina MiSeq	CLONEEND	GENOMIC	PCR	SINGLE
sample_322	S1_beads63_S63_R1_001.fastq.gz	Escherichia phage T7	Illumina MiSeq	CLONEEND	GENOMIC	PCR	SINGLE
sample_323	S1_beads64_S64_R1_001.fastq.gz	Escherichia phage T7	Illumina MiSeq	CLONEEND	GENOMIC	PCR	SINGLE
sample_324	S1_beads65_S65_R1_001.fastq.gz	Escherichia phage T7	Illumina MiSeq	CLONEEND	GENOMIC	PCR	SINGLE
sample_325	S1_beads66_S66_R1_001.fastq.gz	Escherichia phage T7	Illumina MiSeq	CLONEEND	GENOMIC	PCR	SINGLE
sample_326	S1_beads67_S67_R1_001.fastq.gz	Escherichia phage T7	Illumina MiSeq	CLONEEND	GENOMIC	PCR	SINGLE
sample_327	S1_beads68_S68_R1_001.fastq.gz	Escherichia phage T7	Illumina MiSeq	CLONEEND	GENOMIC	PCR	SINGLE
sample_328	S1_beads69_S69_R1_001.fastq.gz	Escherichia phage T7	Illumina MiSeq	CLONEEND	GENOMIC	PCR	SINGLE
sample_329	S1_beads70_S70_R1_001.fastq.gz	Escherichia phage T7	Illumina MiSeq	CLONEEND	GENOMIC	PCR	SINGLE
sample_330	S1_beads71_S71_R1_001.fastq.gz	Escherichia phage T7	Illumina MiSeq	CLONEEND	GENOMIC	PCR	SINGLE
sample_331	S1_beads72_S72_R1_001.fastq.gz	Escherichia phage T7	Illumina MiSeq	CLONEEND	GENOMIC	PCR	SINGLE
sample_332	S1_beads73_S73_R1_001.fastq.gz	Escherichia phage T7	Illumina MiSeq	CLONEEND	GENOMIC	PCR	SINGLE
sample_333	S1_beads74_S74_R1_001.fastq.gz	Escherichia phage T7	Illumina MiSeq	CLONEEND	GENOMIC	PCR	SINGLE
sample_334	S1_beads75_S75_R1_001.fastq.gz	Escherichia phage T7	Illumina MiSeq	CLONEEND	GENOMIC	PCR	SINGLE
sample_335	S1_beads76_S76_R1_001.fastq.gz	Escherichia phage T7	Illumina MiSeq	CLONEEND	GENOMIC	PCR	SINGLE
sample_336	S1_beads77_S77_R1_001.fastq.gz	Escherichia phage T7	Illumina MiSeq	CLONEEND	GENOMIC	PCR	SINGLE
sample_337	S1_beads78_S78_R1_001.fastq.gz	Escherichia phage T7	Illumina MiSeq	CLONEEND	GENOMIC	PCR	SINGLE
sample_338	S1_beads79_S79_R1_001.fastq.gz	Escherichia phage T7	Illumina MiSeq	CLONEEND	GENOMIC	PCR	SINGLE
sample_339	S1_beads80_S80_R1_001.fastq.gz	Escherichia phage T7	Illumina MiSeq	CLONEEND	GENOMIC	PCR	SINGLE
sample_340	S1_beads81_S81_R1_001.fastq.gz	Escherichia phage T7	Illumina MiSeq	CLONEEND	GENOMIC	PCR	SINGLE
sample_341	S1_beads82_S82_R1_001.fastq.gz	Escherichia phage T7	Illumina MiSeq	CLONEEND	GENOMIC	PCR	SINGLE
sample_342	S1_beads83_S83_R1_001.fastq.gz	Escherichia phage T7	Illumina MiSeq	CLONEEND	GENOMIC	PCR	SINGLE
sample_343	S1_beads84_S84_R1_001.fastq.gz	Escherichia phage T7	Illumina MiSeq	CLONEEND	GENOMIC	PCR	SINGLE
sample_344	S1_beads85_S85_R1_001.fastq.gz	Escherichia phage T7	Illumina MiSeq	CLONEEND	GENOMIC	PCR	SINGLE
sample_345	S1_beads86_S86_R1_001.fastq.gz	Escherichia phage T7	Illumina MiSeq	CLONEEND	GENOMIC	PCR	SINGLE
sample_346	S1_beads87_S87_R1_001.fastq.gz	Escherichia phage T7	Illumina MiSeq	CLONEEND	GENOMIC	PCR	SINGLE
sample_347	S1_beads88_S88_R1_001.fastq.gz	Escherichia phage T7	Illumina MiSeq	CLONEEND	GENOMIC	PCR	SINGLE
sample_348	S1_beads89_S89_R1_001.fastq.gz	Escherichia phage T7	Illumina MiSeq	CLONEEND	GENOMIC	PCR	SINGLE
sample_349	S1_beads90_S90_R1_001.fastq.gz	Escherichia phage T7	Illumina MiSeq	CLONEEND	GENOMIC	PCR	SINGLE
sample_350	S1_beads91_S91_R1_001.fastq.gz	Escherichia phage T7	Illumina MiSeq	CLONEEND	GENOMIC	PCR	SINGLE
sample_351	S1_beads92_S92_R1_001.fastq.gz	Escherichia phage T7	Illumina MiSeq	CLONEEND	GENOMIC	PCR	SINGLE
sample_352	S1_beads93_S93_R1_001.fastq.gz	Escherichia phage T7	Illumina MiSeq	CLONEEND	GENOMIC	PCR	SINGLE
sample_353	S1_beads94_S94_R1_001.fastq.gz	Escherichia phage T7	Illumina MiSeq	CLONEEND	GENOMIC	PCR	SINGLE
sample_354	S1_beads95_S95_R1_001.fastq.gz	Escherichia phage T7	Illumina MiSeq	CLONEEND	GENOMIC	PCR	SINGLE
sample_355	S1_beads96_S96_R1_001.fastq.gz	Escherichia phage T7	Illumina MiSeq	CLONEEND	GENOMIC	PCR	SINGLE
sample_356	S2_beads1_S97_R1_001.fastq.gz	Escherichia phage T7	Illumina MiSeq	CLONEEND	GENOMIC	PCR	SINGLE
sample_357	S2_beads2_S98_R1_001.fastq.gz	Escherichia phage T7	Illumina MiSeq	CLONEEND	GENOMIC	PCR	SINGLE
sample_358	S2_beads3_S99_R1_001.fastq.gz	Escherichia phage T7	Illumina MiSeq	CLONEEND	GENOMIC	PCR	SINGLE
sample_359	S2_beads4_S100_R1_001.fastq.gz	Escherichia phage T7	Illumina MiSeq	CLONEEND	GENOMIC	PCR	SINGLE
sample_360	S2_beads5_S101_R1_001.fastq.gz	Escherichia phage T7	Illumina MiSeq	CLONEEND	GENOMIC	PCR	SINGLE
sample_361	S2_beads6_S102_R1_001.fastq.gz	Escherichia phage T7	Illumina MiSeq	CLONEEND	GENOMIC	PCR	SINGLE
sample_362	S2_beads7_S103_R1_001.fastq.gz	Escherichia phage T7	Illumina MiSeq	CLONEEND	GENOMIC	PCR	SINGLE
sample_363	S2_beads8_S104_R1_001.fastq.gz	Escherichia phage T7	Illumina MiSeq	CLONEEND	GENOMIC	PCR	SINGLE
sample_364	S2_beads9_S105_R1_001.fastq.gz	Escherichia phage T7	Illumina MiSeq	CLONEEND	GENOMIC	PCR	SINGLE
sample_365	S2_beads10_S106_R1_001.fastq.gz	Escherichia phage T7	Illumina MiSeq	CLONEEND	GENOMIC	PCR	SINGLE
sample_366	S2_beads11_S107_R1_001.fastq.gz	Escherichia phage T7	Illumina MiSeq	CLONEEND	GENOMIC	PCR	SINGLE
sample_367	S2_beads12_S108_R1_001.fastq.gz	Escherichia phage T7	Illumina MiSeq	CLONEEND	GENOMIC	PCR	SINGLE
sample_368	S2_beads13_S109_R1_001.fastq.gz	Escherichia phage T7	Illumina MiSeq	CLONEEND	GENOMIC	PCR	SINGLE
sample_369	S2_beads14_S110_R1_001.fastq.gz	Escherichia phage T7	Illumina MiSeq	CLONEEND	GENOMIC	PCR	SINGLE
sample_370	S2_beads15_S111_R1_001.fastq.gz	Escherichia phage T7	Illumina MiSeq	CLONEEND	GENOMIC	PCR	SINGLE
sample_371	S2_beads16_S112_R1_001.fastq.gz	Escherichia phage T7	Illumina MiSeq	CLONEEND	GENOMIC	PCR	SINGLE
sample_372	S2_beads17_S113_R1_001.fastq.gz	Escherichia phage T7	Illumina MiSeq	CLONEEND	GENOMIC	PCR	SINGLE
sample_373	S2_beads18_S114_R1_001.fastq.gz	Escherichia phage T7	Illumina MiSeq	CLONEEND	GENOMIC	PCR	SINGLE
sample_374	S2_beads19_S115_R1_001.fastq.gz	Escherichia phage T7	Illumina MiSeq	CLONEEND	GENOMIC	PCR	SINGLE
sample_375	S2_beads20_S116_R1_001.fastq.gz	Escherichia phage T7	Illumina MiSeq	CLONEEND	GENOMIC	PCR	SINGLE
sample_376	S2_beads21_S117_R1_001.fastq.gz	Escherichia phage T7	Illumina MiSeq	CLONEEND	GENOMIC	PCR	SINGLE
sample_377	S2_beads22_S118_R1_001.fastq.gz	Escherichia phage T7	Illumina MiSeq	CLONEEND	GENOMIC	PCR	SINGLE
sample_378	S2_beads23_S119_R1_001.fastq.gz	Escherichia phage T7	Illumina MiSeq	CLONEEND	GENOMIC	PCR	SINGLE
sample_379	S2_beads24_S120_R1_001.fastq.gz	Escherichia phage T7	Illumina MiSeq	CLONEEND	GENOMIC	PCR	SINGLE
sample_380	S2_beads25_S121_R1_001.fastq.gz	Escherichia phage T7	Illumina MiSeq	CLONEEND	GENOMIC	PCR	SINGLE
sample_381	S2_beads26_S122_R1_001.fastq.gz	Escherichia phage T7	Illumina MiSeq	CLONEEND	GENOMIC	PCR	SINGLE
sample_382	S2_beads27_S123_R1_001.fastq.gz	Escherichia phage T7	Illumina MiSeq	CLONEEND	GENOMIC	PCR	SINGLE
sample_383	S2_beads28_S124_R1_001.fastq.gz	Escherichia phage T7	Illumina MiSeq	CLONEEND	GENOMIC	PCR	SINGLE
sample_384	S2_beads29_S125_R1_001.fastq.gz	Escherichia phage T7	Illumina MiSeq	CLONEEND	GENOMIC	PCR	SINGLE
sample_385	S2_beads30_S126_R1_001.fastq.gz	Escherichia phage T7	Illumina MiSeq	CLONEEND	GENOMIC	PCR	SINGLE
sample_386	S2_beads31_S127_R1_001.fastq.gz	Escherichia phage T7	Illumina MiSeq	CLONEEND	GENOMIC	PCR	SINGLE
sample_387	S2_beads32_S128_R1_001.fastq.gz	Escherichia phage T7	Illumina MiSeq	CLONEEND	GENOMIC	PCR	SINGLE
sample_388	S2_beads33_S129_R1_001.fastq.gz	Escherichia phage T7	Illumina MiSeq	CLONEEND	GENOMIC	PCR	SINGLE
sample_389	S2_beads34_S130_R1_001.fastq.gz	Escherichia phage T7	Illumina MiSeq	CLONEEND	GENOMIC	PCR	SINGLE
sample_390	S2_beads35_S131_R1_001.fastq.gz	Escherichia phage T7	Illumina MiSeq	CLONEEND	GENOMIC	PCR	SINGLE
sample_391	S2_beads36_S132_R1_001.fastq.gz	Escherichia phage T7	Illumina MiSeq	CLONEEND	GENOMIC	PCR	SINGLE
sample_392	S2_beads37_S133_R1_001.fastq.gz	Escherichia phage T7	Illumina MiSeq	CLONEEND	GENOMIC	PCR	SINGLE
sample_393	S2_beads38_S134_R1_001.fastq.gz	Escherichia phage T7	Illumina MiSeq	CLONEEND	GENOMIC	PCR	SINGLE
sample_394	S2_beads39_S135_R1_001.fastq.gz	Escherichia phage T7	Illumina MiSeq	CLONEEND	GENOMIC	PCR	SINGLE
sample_395	S2_beads40_S136_R1_001.fastq.gz	Escherichia phage T7	Illumina MiSeq	CLONEEND	GENOMIC	PCR	SINGLE
sample_396	S2_beads41_S137_R1_001.fastq.gz	Escherichia phage T7	Illumina MiSeq	CLONEEND	GENOMIC	PCR	SINGLE
sample_397	S2_beads42_S138_R1_001.fastq.gz	Escherichia phage T7	Illumina MiSeq	CLONEEND	GENOMIC	PCR	SINGLE
sample_398	S2_beads43_S139_R1_001.fastq.gz	Escherichia phage T7	Illumina MiSeq	CLONEEND	GENOMIC	PCR	SINGLE
sample_399	S2_beads44_S140_R1_001.fastq.gz	Escherichia phage T7	Illumina MiSeq	CLONEEND	GENOMIC	PCR	SINGLE
sample_400	S2_beads45_S141_R1_001.fastq.gz	Escherichia phage T7	Illumina MiSeq	CLONEEND	GENOMIC	PCR	SINGLE
sample_401	S2_beads46_S142_R1_001.fastq.gz	Escherichia phage T7	Illumina MiSeq	CLONEEND	GENOMIC	PCR	SINGLE
sample_402	S2_beads47_S143_R1_001.fastq.gz	Escherichia phage T7	Illumina MiSeq	CLONEEND	GENOMIC	PCR	SINGLE
sample_403	S2_beads48_S144_R1_001.fastq.gz	Escherichia phage T7	Illumina MiSeq	CLONEEND	GENOMIC	PCR	SINGLE
sample_404	S2_beads49_S145_R1_001.fastq.gz	Escherichia phage T7	Illumina MiSeq	CLONEEND	GENOMIC	PCR	SINGLE
sample_405	S2_beads50_S146_R1_001.fastq.gz	Escherichia phage T7	Illumina MiSeq	CLONEEND	GENOMIC	PCR	SINGLE
sample_406	S2_beads51_S147_R1_001.fastq.gz	Escherichia phage T7	Illumina MiSeq	CLONEEND	GENOMIC	PCR	SINGLE
sample_407	S2_beads52_S148_R1_001.fastq.gz	Escherichia phage T7	Illumina MiSeq	CLONEEND	GENOMIC	PCR	SINGLE
sample_408	S2_beads53_S149_R1_001.fastq.gz	Escherichia phage T7	Illumina MiSeq	CLONEEND	GENOMIC	PCR	SINGLE
sample_409	S2_beads54_S150_R1_001.fastq.gz	Escherichia phage T7	Illumina MiSeq	CLONEEND	GENOMIC	PCR	SINGLE
sample_410	S2_beads55_S151_R1_001.fastq.gz	Escherichia phage T7	Illumina MiSeq	CLONEEND	GENOMIC	PCR	SINGLE
sample_411	S2_beads56_S152_R1_001.fastq.gz	Escherichia phage T7	Illumina MiSeq	CLONEEND	GENOMIC	PCR	SINGLE
sample_412	S2_beads57_S153_R1_001.fastq.gz	Escherichia phage T7	Illumina MiSeq	CLONEEND	GENOMIC	PCR	SINGLE
sample_413	S2_beads58_S154_R1_001.fastq.gz	Escherichia phage T7	Illumina MiSeq	CLONEEND	GENOMIC	PCR	SINGLE
sample_414	S2_beads59_S155_R1_001.fastq.gz	Escherichia phage T7	Illumina MiSeq	CLONEEND	GENOMIC	PCR	SINGLE
sample_415	S2_beads60_S156_R1_001.fastq.gz	Escherichia phage T7	Illumina MiSeq	CLONEEND	GENOMIC	PCR	SINGLE
sample_416	S2_beads61_S157_R1_001.fastq.gz	Escherichia phage T7	Illumina MiSeq	CLONEEND	GENOMIC	PCR	SINGLE
sample_417	S2_beads62_S158_R1_001.fastq.gz	Escherichia phage T7	Illumina MiSeq	CLONEEND	GENOMIC	PCR	SINGLE
sample_418	S2_beads63_S159_R1_001.fastq.gz	Escherichia phage T7	Illumina MiSeq	CLONEEND	GENOMIC	PCR	SINGLE
sample_419	S2_beads64_S160_R1_001.fastq.gz	Escherichia phage T7	Illumina MiSeq	CLONEEND	GENOMIC	PCR	SINGLE
sample_420	S2_beads65_S161_R1_001.fastq.gz	Escherichia phage T7	Illumina MiSeq	CLONEEND	GENOMIC	PCR	SINGLE
sample_421	S2_beads66_S162_R1_001.fastq.gz	Escherichia phage T7	Illumina MiSeq	CLONEEND	GENOMIC	PCR	SINGLE
sample_422	S2_beads67_S163_R1_001.fastq.gz	Escherichia phage T7	Illumina MiSeq	CLONEEND	GENOMIC	PCR	SINGLE
sample_423	S2_beads68_S164_R1_001.fastq.gz	Escherichia phage T7	Illumina MiSeq	CLONEEND	GENOMIC	PCR	SINGLE
sample_424	S2_beads69_S165_R1_001.fastq.gz	Escherichia phage T7	Illumina MiSeq	CLONEEND	GENOMIC	PCR	SINGLE
sample_425	S2_beads70_S166_R1_001.fastq.gz	Escherichia phage T7	Illumina MiSeq	CLONEEND	GENOMIC	PCR	SINGLE
sample_426	S2_beads71_S167_R1_001.fastq.gz	Escherichia phage T7	Illumina MiSeq	CLONEEND	GENOMIC	PCR	SINGLE
sample_427	S2_beads72_S168_R1_001.fastq.gz	Escherichia phage T7	Illumina MiSeq	CLONEEND	GENOMIC	PCR	SINGLE
sample_428	S2_beads73_S169_R1_001.fastq.gz	Escherichia phage T7	Illumina MiSeq	CLONEEND	GENOMIC	PCR	SINGLE
sample_429	S2_beads74_S170_R1_001.fastq.gz	Escherichia phage T7	Illumina MiSeq	CLONEEND	GENOMIC	PCR	SINGLE
sample_430	S2_beads75_S171_R1_001.fastq.gz	Escherichia phage T7	Illumina MiSeq	CLONEEND	GENOMIC	PCR	SINGLE
sample_431	S2_beads76_S172_R1_001.fastq.gz	Escherichia phage T7	Illumina MiSeq	CLONEEND	GENOMIC	PCR	SINGLE
sample_432	S2_beads77_S173_R1_001.fastq.gz	Escherichia phage T7	Illumina MiSeq	CLONEEND	GENOMIC	PCR	SINGLE
sample_433	S2_beads78_S174_R1_001.fastq.gz	Escherichia phage T7	Illumina MiSeq	CLONEEND	GENOMIC	PCR	SINGLE
sample_434	S2_beads79_S175_R1_001.fastq.gz	Escherichia phage T7	Illumina MiSeq	CLONEEND	GENOMIC	PCR	SINGLE
sample_435	S2_beads80_S176_R1_001.fastq.gz	Escherichia phage T7	Illumina MiSeq	CLONEEND	GENOMIC	PCR	SINGLE
sample_436	S2_beads81_S177_R1_001.fastq.gz	Escherichia phage T7	Illumina MiSeq	CLONEEND	GENOMIC	PCR	SINGLE
sample_437	S2_beads83_S179_R1_001.fastq.gz	Escherichia phage T7	Illumina MiSeq	CLONEEND	GENOMIC	PCR	SINGLE
sample_438	S2_beads84_S180_R1_001.fastq.gz	Escherichia phage T7	Illumina MiSeq	CLONEEND	GENOMIC	PCR	SINGLE
sample_439	S2_beads85_S181_R1_001.fastq.gz	Escherichia phage T7	Illumina MiSeq	CLONEEND	GENOMIC	PCR	SINGLE
sample_440	S2_beads86_S182_R1_001.fastq.gz	Escherichia phage T7	Illumina MiSeq	CLONEEND	GENOMIC	PCR	SINGLE
sample_441	S2_beads87_S183_R1_001.fastq.gz	Escherichia phage T7	Illumina MiSeq	CLONEEND	GENOMIC	PCR	SINGLE
sample_442	S2_beads89_S185_R1_001.fastq.gz	Escherichia phage T7	Illumina MiSeq	CLONEEND	GENOMIC	PCR	SINGLE
sample_443	S2_beads90_S186_R1_001.fastq.gz	Escherichia phage T7	Illumina MiSeq	CLONEEND	GENOMIC	PCR	SINGLE
sample_444	S2_beads91_S187_R1_001.fastq.gz	Escherichia phage T7	Illumina MiSeq	CLONEEND	GENOMIC	PCR	SINGLE
sample_445	S2_beads92_S188_R1_001.fastq.gz	Escherichia phage T7	Illumina MiSeq	CLONEEND	GENOMIC	PCR	SINGLE
sample_446	S2_beads93_S189_R1_001.fastq.gz	Escherichia phage T7	Illumina MiSeq	CLONEEND	GENOMIC	PCR	SINGLE
sample_447	S2_beads94_S190_R1_001.fastq.gz	Escherichia phage T7	Illumina MiSeq	CLONEEND	GENOMIC	PCR	SINGLE
sample_448	S2_beads95_S191_R1_001.fastq.gz	Escherichia phage T7	Illumina MiSeq	CLONEEND	GENOMIC	PCR	SINGLE
sample_449	S2_beads96_S192_R1_001.fastq.gz	Escherichia phage T7	Illumina MiSeq	CLONEEND	GENOMIC	PCR	SINGLE
sample_450	x323_Lib1_S121_R1_001.fastq.gz	Escherichia phage T7	Illumina MiSeq	CLONEEND	GENOMIC	PCR	SINGLE
sample_451	x324_Lib1_S129_R1_001.fastq.gz	Escherichia phage T7	Illumina MiSeq	CLONEEND	GENOMIC	PCR	SINGLE
sample_452	x325_Lib1_S137_R1_001.fastq.gz	Escherichia phage T7	Illumina MiSeq	CLONEEND	GENOMIC	PCR	SINGLE
sample_453	x326_Lib1_S145_R1_001.fastq.gz	Escherichia phage T7	Illumina MiSeq	CLONEEND	GENOMIC	PCR	SINGLE
sample_454	x327_Lib1_S153_R1_001.fastq.gz	Escherichia phage T7	Illumina MiSeq	CLONEEND	GENOMIC	PCR	SINGLE
sample_455	x328_Lib1_S161_R1_001.fastq.gz	Escherichia phage T7	Illumina MiSeq	CLONEEND	GENOMIC	PCR	SINGLE
sample_456	x329_Lib1_S169_R1_001.fastq.gz	Escherichia phage T7	Illumina MiSeq	CLONEEND	GENOMIC	PCR	SINGLE
sample_457	x330_Lib1_S177_R1_001.fastq.gz	Escherichia phage T7	Illumina MiSeq	CLONEEND	GENOMIC	PCR	SINGLE
sample_458	x331_Lib1_S185_R1_001.fastq.gz	Escherichia phage T7	Illumina MiSeq	CLONEEND	GENOMIC	PCR	SINGLE
sample_459	x332_Lib1_S193_R1_001.fastq.gz	Escherichia phage T7	Illumina MiSeq	CLONEEND	GENOMIC	PCR	SINGLE
sample_460	x334_Lib1_S114_R1_001.fastq.gz	Escherichia phage T7	Illumina MiSeq	CLONEEND	GENOMIC	PCR	SINGLE
sample_461	x335_Lib1_S122_R1_001.fastq.gz	Escherichia phage T7	Illumina MiSeq	CLONEEND	GENOMIC	PCR	SINGLE
sample_462	x336_Lib1_S130_R1_001.fastq.gz	Escherichia phage T7	Illumina MiSeq	CLONEEND	GENOMIC	PCR	SINGLE
sample_463	x337_Lib1_S138_R1_001.fastq.gz	Escherichia phage T7	Illumina MiSeq	CLONEEND	GENOMIC	PCR	SINGLE
sample_464	x338_Lib1_S146_R1_001.fastq.gz	Escherichia phage T7	Illumina MiSeq	CLONEEND	GENOMIC	PCR	SINGLE
sample_465	x339_Lib1_S154_R1_001.fastq.gz	Escherichia phage T7	Illumina MiSeq	CLONEEND	GENOMIC	PCR	SINGLE
sample_466	x340_Lib1_S162_R1_001.fastq.gz	Escherichia phage T7	Illumina MiSeq	CLONEEND	GENOMIC	PCR	SINGLE
sample_467	x341_Lib1_S170_R1_001.fastq.gz	Escherichia phage T7	Illumina MiSeq	CLONEEND	GENOMIC	PCR	SINGLE
sample_468	x342_Lib1_S178_R1_001.fastq.gz	Escherichia phage T7	Illumina MiSeq	CLONEEND	GENOMIC	PCR	SINGLE
sample_469	x343_Lib1_S186_R1_001.fastq.gz	Escherichia phage T7	Illumina MiSeq	CLONEEND	GENOMIC	PCR	SINGLE
sample_470	x344_Lib1_S194_R1_001.fastq.gz	Escherichia phage T7	Illumina MiSeq	CLONEEND	GENOMIC	PCR	SINGLE
sample_471	x345_Lib1_S202_R1_001.fastq.gz	Escherichia phage T7	Illumina MiSeq	CLONEEND	GENOMIC	PCR	SINGLE
sample_472	x346_Lib1_S115_R1_001.fastq.gz	Escherichia phage T7	Illumina MiSeq	CLONEEND	GENOMIC	PCR	SINGLE
sample_473	x347_Lib1_S123_R1_001.fastq.gz	Escherichia phage T7	Illumina MiSeq	CLONEEND	GENOMIC	PCR	SINGLE
sample_474	x348_Lib1_S131_R1_001.fastq.gz	Escherichia phage T7	Illumina MiSeq	CLONEEND	GENOMIC	PCR	SINGLE
sample_475	x349_Lib1_S139_R1_001.fastq.gz	Escherichia phage T7	Illumina MiSeq	CLONEEND	GENOMIC	PCR	SINGLE
sample_476	x350_Lib1_S147_R1_001.fastq.gz	Escherichia phage T7	Illumina MiSeq	CLONEEND	GENOMIC	PCR	SINGLE
sample_477	x351_Lib1_S155_R1_001.fastq.gz	Escherichia phage T7	Illumina MiSeq	CLONEEND	GENOMIC	PCR	SINGLE
sample_478	x352_Lib1_S163_R1_001.fastq.gz	Escherichia phage T7	Illumina MiSeq	CLONEEND	GENOMIC	PCR	SINGLE
sample_479	x353_Lib1_S171_R1_001.fastq.gz	Escherichia phage T7	Illumina MiSeq	CLONEEND	GENOMIC	PCR	SINGLE
sample_480	x354_Lib1_S179_R1_001.fastq.gz	Escherichia phage T7	Illumina MiSeq	CLONEEND	GENOMIC	PCR	SINGLE
sample_481	x355_Lib1_S187_R1_001.fastq.gz	Escherichia phage T7	Illumina MiSeq	CLONEEND	GENOMIC	PCR	SINGLE
sample_482	x356_Lib1_S195_R1_001.fastq.gz	Escherichia phage T7	Illumina MiSeq	CLONEEND	GENOMIC	PCR	SINGLE
sample_483	x357_Lib1_S203_R1_001.fastq.gz	Escherichia phage T7	Illumina MiSeq	CLONEEND	GENOMIC	PCR	SINGLE
sample_484	x358_Lib1_S116_R1_001.fastq.gz	Escherichia phage T7	Illumina MiSeq	CLONEEND	GENOMIC	PCR	SINGLE
sample_485	x359_Lib1_S124_R1_001.fastq.gz	Escherichia phage T7	Illumina MiSeq	CLONEEND	GENOMIC	PCR	SINGLE
sample_486	x360_Lib1_S132_R1_001.fastq.gz	Escherichia phage T7	Illumina MiSeq	CLONEEND	GENOMIC	PCR	SINGLE
sample_487	x361_Lib1_S140_R1_001.fastq.gz	Escherichia phage T7	Illumina MiSeq	CLONEEND	GENOMIC	PCR	SINGLE
sample_488	x362_Lib1_S148_R1_001.fastq.gz	Escherichia phage T7	Illumina MiSeq	CLONEEND	GENOMIC	PCR	SINGLE
sample_489	x363_Lib1_S156_R1_001.fastq.gz	Escherichia phage T7	Illumina MiSeq	CLONEEND	GENOMIC	PCR	SINGLE
sample_490	x364_Lib1_S164_R1_001.fastq.gz	Escherichia phage T7	Illumina MiSeq	CLONEEND	GENOMIC	PCR	SINGLE
sample_491	x365_Lib1_S172_R1_001.fastq.gz	Escherichia phage T7	Illumina MiSeq	CLONEEND	GENOMIC	PCR	SINGLE
sample_492	x366_Lib1_S180_R1_001.fastq.gz	Escherichia phage T7	Illumina MiSeq	CLONEEND	GENOMIC	PCR	SINGLE
sample_493	x367_Lib1_S188_R1_001.fastq.gz	Escherichia phage T7	Illumina MiSeq	CLONEEND	GENOMIC	PCR	SINGLE
sample_494	x368_Lib1_S196_R1_001.fastq.gz	Escherichia phage T7	Illumina MiSeq	CLONEEND	GENOMIC	PCR	SINGLE
sample_495	x369_Lib1_S204_R1_001.fastq.gz	Escherichia phage T7	Illumina MiSeq	CLONEEND	GENOMIC	PCR	SINGLE
sample_496	x370_Lib1_S117_R1_001.fastq.gz	Escherichia phage T7	Illumina MiSeq	CLONEEND	GENOMIC	PCR	SINGLE
sample_497	x371_Lib1_S125_R1_001.fastq.gz	Escherichia phage T7	Illumina MiSeq	CLONEEND	GENOMIC	PCR	SINGLE
sample_498	x372_Lib1_S133_R1_001.fastq.gz	Escherichia phage T7	Illumina MiSeq	CLONEEND	GENOMIC	PCR	SINGLE
sample_499	x373_Lib1_S141_R1_001.fastq.gz	Escherichia phage T7	Illumina MiSeq	CLONEEND	GENOMIC	PCR	SINGLE
sample_500	x374_Lib1_S149_R1_001.fastq.gz	Escherichia phage T7	Illumina MiSeq	CLONEEND	GENOMIC	PCR	SINGLE
sample_501	x375_Lib1_S157_R1_001.fastq.gz	Escherichia phage T7	Illumina MiSeq	CLONEEND	GENOMIC	PCR	SINGLE
sample_502	x376_Lib1_S165_R1_001.fastq.gz	Escherichia phage T7	Illumina MiSeq	CLONEEND	GENOMIC	PCR	SINGLE
sample_503	x377_Lib1_S173_R1_001.fastq.gz	Escherichia phage T7	Illumina MiSeq	CLONEEND	GENOMIC	PCR	SINGLE
sample_504	x378_Lib1_S181_R1_001.fastq.gz	Escherichia phage T7	Illumina MiSeq	CLONEEND	GENOMIC	PCR	SINGLE
sample_505	x380_Lib1_S197_R1_001.fastq.gz	Escherichia phage T7	Illumina MiSeq	CLONEEND	GENOMIC	PCR	SINGLE
sample_506	x381_Lib1_S205_R1_001.fastq.gz	Escherichia phage T7	Illumina MiSeq	CLONEEND	GENOMIC	PCR	SINGLE
sample_507	x382_Lib1_S118_R1_001.fastq.gz	Escherichia phage T7	Illumina MiSeq	CLONEEND	GENOMIC	PCR	SINGLE
sample_508	x383_Lib1_S126_R1_001.fastq.gz	Escherichia phage T7	Illumina MiSeq	CLONEEND	GENOMIC	PCR	SINGLE
sample_509	x384_Lib1_S134_R1_001.fastq.gz	Escherichia phage T7	Illumina MiSeq	CLONEEND	GENOMIC	PCR	SINGLE
sample_510	x385_Lib1_S142_R1_001.fastq.gz	Escherichia phage T7	Illumina MiSeq	CLONEEND	GENOMIC	PCR	SINGLE
sample_511	x386_Lib1_S150_R1_001.fastq.gz	Escherichia phage T7	Illumina MiSeq	CLONEEND	GENOMIC	PCR	SINGLE
sample_512	x387_Lib1_S158_R1_001.fastq.gz	Escherichia phage T7	Illumina MiSeq	CLONEEND	GENOMIC	PCR	SINGLE
sample_513	x388_Lib1_S166_R1_001.fastq.gz	Escherichia phage T7	Illumina MiSeq	CLONEEND	GENOMIC	PCR	SINGLE
sample_514	x389_Lib1_S174_R1_001.fastq.gz	Escherichia phage T7	Illumina MiSeq	CLONEEND	GENOMIC	PCR	SINGLE
sample_515	x390_Lib1_S182_R1_001.fastq.gz	Escherichia phage T7	Illumina MiSeq	CLONEEND	GENOMIC	PCR	SINGLE
sample_516	x391_Lib1_S190_R1_001.fastq.gz	Escherichia phage T7	Illumina MiSeq	CLONEEND	GENOMIC	PCR	SINGLE
sample_517	x392_Lib1_S198_R1_001.fastq.gz	Escherichia phage T7	Illumina MiSeq	CLONEEND	GENOMIC	PCR	SINGLE
sample_518	x393_Lib1_S206_R1_001.fastq.gz	Escherichia phage T7	Illumina MiSeq	CLONEEND	GENOMIC	PCR	SINGLE
sample_519	x394_Lib1_S119_R1_001.fastq.gz	Escherichia phage T7	Illumina MiSeq	CLONEEND	GENOMIC	PCR	SINGLE
sample_520	x395_Lib1_S127_R1_001.fastq.gz	Escherichia phage T7	Illumina MiSeq	CLONEEND	GENOMIC	PCR	SINGLE
sample_521	x396_Lib1_S135_R1_001.fastq.gz	Escherichia phage T7	Illumina MiSeq	CLONEEND	GENOMIC	PCR	SINGLE
sample_522	x397_Lib1_S143_R1_001.fastq.gz	Escherichia phage T7	Illumina MiSeq	CLONEEND	GENOMIC	PCR	SINGLE
sample_523	x398_Lib1_S151_R1_001.fastq.gz	Escherichia phage T7	Illumina MiSeq	CLONEEND	GENOMIC	PCR	SINGLE
sample_524	x399_Lib1_S159_R1_001.fastq.gz	Escherichia phage T7	Illumina MiSeq	CLONEEND	GENOMIC	PCR	SINGLE
sample_525	x400_Lib1_S167_R1_001.fastq.gz	Escherichia phage T7	Illumina MiSeq	CLONEEND	GENOMIC	PCR	SINGLE
sample_526	x401_Lib1_S175_R1_001.fastq.gz	Escherichia phage T7	Illumina MiSeq	CLONEEND	GENOMIC	PCR	SINGLE
sample_527	x402_Lib1_S183_R1_001.fastq.gz	Escherichia phage T7	Illumina MiSeq	CLONEEND	GENOMIC	PCR	SINGLE
sample_528	x403_Lib1_S191_R1_001.fastq.gz	Escherichia phage T7	Illumina MiSeq	CLONEEND	GENOMIC	PCR	SINGLE
sample_529	x404_Lib1_S199_R1_001.fastq.gz	Escherichia phage T7	Illumina MiSeq	CLONEEND	GENOMIC	PCR	SINGLE
sample_530	x405_Lib1_S207_R1_001.fastq.gz	Escherichia phage T7	Illumina MiSeq	CLONEEND	GENOMIC	PCR	SINGLE
sample_531	input_Lib1_rep1_S152_R1_001.fastq.gz	Escherichia phage T7	Illumina MiSeq	CLONEEND	GENOMIC	PCR	SINGLE
sample_532	input_Lib1_rep2_S160_R1_001.fastq.gz	Escherichia phage T7	Illumina MiSeq	CLONEEND	GENOMIC	PCR	SINGLE
sample_533	x34_rep1_S184_R1_001.fastq.gz	Escherichia phage T7	Illumina MiSeq	CLONEEND	GENOMIC	PCR	SINGLE
sample_534	Lib2_rep1_S208_R1_001.fastq.gz	Escherichia phage T7	Illumina MiSeq	CLONEEND	GENOMIC	PCR	SINGLE
sample_535	x322_Lib2_S209_R1_001.fastq.gz	Escherichia phage T7	Illumina MiSeq	CLONEEND	GENOMIC	PCR	SINGLE
sample_536	x323_Lib2_S217_R1_001.fastq.gz	Escherichia phage T7	Illumina MiSeq	CLONEEND	GENOMIC	PCR	SINGLE
sample_537	x324_Lib2_S225_R1_001.fastq.gz	Escherichia phage T7	Illumina MiSeq	CLONEEND	GENOMIC	PCR	SINGLE
sample_538	x325_Lib2_S233_R1_001.fastq.gz	Escherichia phage T7	Illumina MiSeq	CLONEEND	GENOMIC	PCR	SINGLE
sample_539	x326_Lib2_S241_R1_001.fastq.gz	Escherichia phage T7	Illumina MiSeq	CLONEEND	GENOMIC	PCR	SINGLE
sample_540	x327_Lib2_S249_R1_001.fastq.gz	Escherichia phage T7	Illumina MiSeq	CLONEEND	GENOMIC	PCR	SINGLE
sample_541	x328_Lib2_S257_R1_001.fastq.gz	Escherichia phage T7	Illumina MiSeq	CLONEEND	GENOMIC	PCR	SINGLE
sample_542	x329_Lib2_S265_R1_001.fastq.gz	Escherichia phage T7	Illumina MiSeq	CLONEEND	GENOMIC	PCR	SINGLE
sample_543	x330_Lib2_S273_R1_001.fastq.gz	Escherichia phage T7	Illumina MiSeq	CLONEEND	GENOMIC	PCR	SINGLE
sample_544	x331_Lib2_S281_R1_001.fastq.gz	Escherichia phage T7	Illumina MiSeq	CLONEEND	GENOMIC	PCR	SINGLE
sample_545	x332_Lib2_S289_R1_001.fastq.gz	Escherichia phage T7	Illumina MiSeq	CLONEEND	GENOMIC	PCR	SINGLE
sample_546	x334_Lib2_S210_R1_001.fastq.gz	Escherichia phage T7	Illumina MiSeq	CLONEEND	GENOMIC	PCR	SINGLE
sample_547	x335_Lib2_S218_R1_001.fastq.gz	Escherichia phage T7	Illumina MiSeq	CLONEEND	GENOMIC	PCR	SINGLE
sample_548	x336_Lib2_S226_R1_001.fastq.gz	Escherichia phage T7	Illumina MiSeq	CLONEEND	GENOMIC	PCR	SINGLE
sample_549	x337_Lib2_S234_R1_001.fastq.gz	Escherichia phage T7	Illumina MiSeq	CLONEEND	GENOMIC	PCR	SINGLE
sample_550	x338_Lib2_S242_R1_001.fastq.gz	Escherichia phage T7	Illumina MiSeq	CLONEEND	GENOMIC	PCR	SINGLE
sample_551	x339_Lib2_S250_R1_001.fastq.gz	Escherichia phage T7	Illumina MiSeq	CLONEEND	GENOMIC	PCR	SINGLE
sample_552	x340_Lib2_S258_R1_001.fastq.gz	Escherichia phage T7	Illumina MiSeq	CLONEEND	GENOMIC	PCR	SINGLE
sample_553	x341_Lib2_S266_R1_001.fastq.gz	Escherichia phage T7	Illumina MiSeq	CLONEEND	GENOMIC	PCR	SINGLE
sample_554	x342_Lib2_S274_R1_001.fastq.gz	Escherichia phage T7	Illumina MiSeq	CLONEEND	GENOMIC	PCR	SINGLE
sample_555	x343_Lib2_S282_R1_001.fastq.gz	Escherichia phage T7	Illumina MiSeq	CLONEEND	GENOMIC	PCR	SINGLE
sample_556	x344_Lib2_S290_R1_001.fastq.gz	Escherichia phage T7	Illumina MiSeq	CLONEEND	GENOMIC	PCR	SINGLE
sample_557	x345_Lib2_S298_R1_001.fastq.gz	Escherichia phage T7	Illumina MiSeq	CLONEEND	GENOMIC	PCR	SINGLE
sample_558	x346_Lib2_S211_R1_001.fastq.gz	Escherichia phage T7	Illumina MiSeq	CLONEEND	GENOMIC	PCR	SINGLE
sample_559	x348_Lib2_S227_R1_001.fastq.gz	Escherichia phage T7	Illumina MiSeq	CLONEEND	GENOMIC	PCR	SINGLE
sample_560	x349_Lib2_S235_R1_001.fastq.gz	Escherichia phage T7	Illumina MiSeq	CLONEEND	GENOMIC	PCR	SINGLE
sample_561	x350_Lib2_S243_R1_001.fastq.gz	Escherichia phage T7	Illumina MiSeq	CLONEEND	GENOMIC	PCR	SINGLE
sample_562	x351_Lib2_S251_R1_001.fastq.gz	Escherichia phage T7	Illumina MiSeq	CLONEEND	GENOMIC	PCR	SINGLE
sample_563	x352_Lib2_S259_R1_001.fastq.gz	Escherichia phage T7	Illumina MiSeq	CLONEEND	GENOMIC	PCR	SINGLE
sample_564	x353_Lib2_S267_R1_001.fastq.gz	Escherichia phage T7	Illumina MiSeq	CLONEEND	GENOMIC	PCR	SINGLE
sample_565	x354_Lib2_S275_R1_001.fastq.gz	Escherichia phage T7	Illumina MiSeq	CLONEEND	GENOMIC	PCR	SINGLE
sample_566	x355_Lib2_S283_R1_001.fastq.gz	Escherichia phage T7	Illumina MiSeq	CLONEEND	GENOMIC	PCR	SINGLE
sample_567	x356_Lib2_S291_R1_001.fastq.gz	Escherichia phage T7	Illumina MiSeq	CLONEEND	GENOMIC	PCR	SINGLE
sample_568	x357_Lib2_S299_R1_001.fastq.gz	Escherichia phage T7	Illumina MiSeq	CLONEEND	GENOMIC	PCR	SINGLE
sample_569	x359_Lib2_S220_R1_001.fastq.gz	Escherichia phage T7	Illumina MiSeq	CLONEEND	GENOMIC	PCR	SINGLE
sample_570	x360_Lib2_S228_R1_001.fastq.gz	Escherichia phage T7	Illumina MiSeq	CLONEEND	GENOMIC	PCR	SINGLE
sample_571	x361_Lib2_S236_R1_001.fastq.gz	Escherichia phage T7	Illumina MiSeq	CLONEEND	GENOMIC	PCR	SINGLE
sample_572	x362_Lib2_S244_R1_001.fastq.gz	Escherichia phage T7	Illumina MiSeq	CLONEEND	GENOMIC	PCR	SINGLE
sample_573	x363_Lib2_S252_R1_001.fastq.gz	Escherichia phage T7	Illumina MiSeq	CLONEEND	GENOMIC	PCR	SINGLE
sample_574	x364_Lib2_S260_R1_001.fastq.gz	Escherichia phage T7	Illumina MiSeq	CLONEEND	GENOMIC	PCR	SINGLE
sample_575	x365_Lib2_S268_R1_001.fastq.gz	Escherichia phage T7	Illumina MiSeq	CLONEEND	GENOMIC	PCR	SINGLE
sample_576	x366_Lib2_S276_R1_001.fastq.gz	Escherichia phage T7	Illumina MiSeq	CLONEEND	GENOMIC	PCR	SINGLE
sample_577	x367_Lib2_S284_R1_001.fastq.gz	Escherichia phage T7	Illumina MiSeq	CLONEEND	GENOMIC	PCR	SINGLE
sample_578	x368_Lib2_S292_R1_001.fastq.gz	Escherichia phage T7	Illumina MiSeq	CLONEEND	GENOMIC	PCR	SINGLE
sample_579	x369_Lib2_S300_R1_001.fastq.gz	Escherichia phage T7	Illumina MiSeq	CLONEEND	GENOMIC	PCR	SINGLE
sample_580	x370_Lib2_S213_R1_001.fastq.gz	Escherichia phage T7	Illumina MiSeq	CLONEEND	GENOMIC	PCR	SINGLE
sample_581	x371_Lib2_S221_R1_001.fastq.gz	Escherichia phage T7	Illumina MiSeq	CLONEEND	GENOMIC	PCR	SINGLE
sample_582	x372_Lib2_S229_R1_001.fastq.gz	Escherichia phage T7	Illumina MiSeq	CLONEEND	GENOMIC	PCR	SINGLE
sample_583	x373_Lib2_S237_R1_001.fastq.gz	Escherichia phage T7	Illumina MiSeq	CLONEEND	GENOMIC	PCR	SINGLE
sample_584	x374_Lib_S245_R1_001.fastq.gz	Escherichia phage T7	Illumina MiSeq	CLONEEND	GENOMIC	PCR	SINGLE
sample_585	x375_Lib2_S253_R1_001.fastq.gz	Escherichia phage T7	Illumina MiSeq	CLONEEND	GENOMIC	PCR	SINGLE
sample_586	x376_Lib2_S261_R1_001.fastq.gz	Escherichia phage T7	Illumina MiSeq	CLONEEND	GENOMIC	PCR	SINGLE
sample_587	x377_Lib2_S269_R1_001.fastq.gz	Escherichia phage T7	Illumina MiSeq	CLONEEND	GENOMIC	PCR	SINGLE
sample_588	x378_Lib2_S277_R1_001.fastq.gz	Escherichia phage T7	Illumina MiSeq	CLONEEND	GENOMIC	PCR	SINGLE
sample_589	x379_Lib2_S285_R1_001.fastq.gz	Escherichia phage T7	Illumina MiSeq	CLONEEND	GENOMIC	PCR	SINGLE
sample_590	x380_Lib2_S293_R1_001.fastq.gz	Escherichia phage T7	Illumina MiSeq	CLONEEND	GENOMIC	PCR	SINGLE
sample_591	x381_Lib2_S301_R1_001.fastq.gz	Escherichia phage T7	Illumina MiSeq	CLONEEND	GENOMIC	PCR	SINGLE
sample_592	x382_Lib2_S214_R1_001.fastq.gz	Escherichia phage T7	Illumina MiSeq	CLONEEND	GENOMIC	PCR	SINGLE
sample_593	x383_Lib2_S222_R1_001.fastq.gz	Escherichia phage T7	Illumina MiSeq	CLONEEND	GENOMIC	PCR	SINGLE
sample_594	x384_Lib2_S230_R1_001.fastq.gz	Escherichia phage T7	Illumina MiSeq	CLONEEND	GENOMIC	PCR	SINGLE
sample_595	x385_Lib2_S238_R1_001.fastq.gz	Escherichia phage T7	Illumina MiSeq	CLONEEND	GENOMIC	PCR	SINGLE
sample_596	x386_Lib2_S246_R1_001.fastq.gz	Escherichia phage T7	Illumina MiSeq	CLONEEND	GENOMIC	PCR	SINGLE
sample_597	x387_Lib2_S254_R1_001.fastq.gz	Escherichia phage T7	Illumina MiSeq	CLONEEND	GENOMIC	PCR	SINGLE
sample_598	x388_Lib2_S262_R1_001.fastq.gz	Escherichia phage T7	Illumina MiSeq	CLONEEND	GENOMIC	PCR	SINGLE
sample_599	x389_Lib2_S270_R1_001.fastq.gz	Escherichia phage T7	Illumina MiSeq	CLONEEND	GENOMIC	PCR	SINGLE
sample_600	x390_Lib2_S278_R1_001.fastq.gz	Escherichia phage T7	Illumina MiSeq	CLONEEND	GENOMIC	PCR	SINGLE
sample_601	x391_Lib2_S286_R1_001.fastq.gz	Escherichia phage T7	Illumina MiSeq	CLONEEND	GENOMIC	PCR	SINGLE
sample_602	x392_Lib2_S294_R1_001.fastq.gz	Escherichia phage T7	Illumina MiSeq	CLONEEND	GENOMIC	PCR	SINGLE
sample_603	x393_Lib2_S302_R1_001.fastq.gz	Escherichia phage T7	Illumina MiSeq	CLONEEND	GENOMIC	PCR	SINGLE
sample_604	x394_Lib2_S215_R1_001.fastq.gz	Escherichia phage T7	Illumina MiSeq	CLONEEND	GENOMIC	PCR	SINGLE
sample_605	x395_Lib2_S223_R1_001.fastq.gz	Escherichia phage T7	Illumina MiSeq	CLONEEND	GENOMIC	PCR	SINGLE
sample_606	x396_Lib2_S231_R1_001.fastq.gz	Escherichia phage T7	Illumina MiSeq	CLONEEND	GENOMIC	PCR	SINGLE
sample_607	x397_Lib2_S239_R1_001.fastq.gz	Escherichia phage T7	Illumina MiSeq	CLONEEND	GENOMIC	PCR	SINGLE
sample_608	x398_Lib2_S247_R1_001.fastq.gz	Escherichia phage T7	Illumina MiSeq	CLONEEND	GENOMIC	PCR	SINGLE
sample_609	x399_Lib2_S255_R1_001.fastq.gz	Escherichia phage T7	Illumina MiSeq	CLONEEND	GENOMIC	PCR	SINGLE
sample_610	x400_Lib2_S263_R1_001.fastq.gz	Escherichia phage T7	Illumina MiSeq	CLONEEND	GENOMIC	PCR	SINGLE
sample_611	x401_Lib2_S271_R1_001.fastq.gz	Escherichia phage T7	Illumina MiSeq	CLONEEND	GENOMIC	PCR	SINGLE
sample_612	x402_Lib2_S279_R1_001.fastq.gz	Escherichia phage T7	Illumina MiSeq	CLONEEND	GENOMIC	PCR	SINGLE
sample_613	x403_Lib2_S287_R1_001.fastq.gz	Escherichia phage T7	Illumina MiSeq	CLONEEND	GENOMIC	PCR	SINGLE
sample_614	x404_Lib2_S295_R1_001.fastq.gz	Escherichia phage T7	Illumina MiSeq	CLONEEND	GENOMIC	PCR	SINGLE
sample_615	x405_Lib2_S303_R1_001.fastq.gz	Escherichia phage T7	Illumina MiSeq	CLONEEND	GENOMIC	PCR	SINGLE
sample_616	input_Lib2_rep1_S248_R1_001.fastq.gz	Escherichia phage T7	Illumina MiSeq	CLONEEND	GENOMIC	PCR	SINGLE
sample_617	x33_rep2_S272_R1_001.fastq.gz	Escherichia phage T7	Illumina MiSeq	CLONEEND	GENOMIC	PCR	SINGLE
sample_618	Lib2_rep2_S304_R1_001.fastq.gz	Escherichia phage T7	Illumina MiSeq	CLONEEND	GENOMIC	PCR	SINGLE
sample_619	child-dms-rep1-input-1_S55_R1_001.fastq.gz	Escherichia phage T7	Illumina MiSeq	CLONEEND	GENOMIC	PCR	SINGLE
sample_620	child-dms-rep1-input-2_S56_R1_001.fastq.gz	Escherichia phage T7	Illumina MiSeq	CLONEEND	GENOMIC	PCR	SINGLE
sample_621	child-dms-rep2-input-1_S111_R1_001.fastq.gz	Escherichia phage T7	Illumina MiSeq	CLONEEND	GENOMIC	PCR	SINGLE
sample_622	child-dms-rep2-input-2_S112_R1_001.fastq.gz	Escherichia phage T7	Illumina MiSeq	CLONEEND	GENOMIC	PCR	SINGLE
sample_623	input_1_rep1_S48_R1_001.fastq.gz	Escherichia phage T7	Illumina MiSeq	CLONEEND	GENOMIC	PCR	SINGLE
sample_624	input_2_rep1_S49_R1_001.fastq.gz	Escherichia phage T7	Illumina MiSeq	CLONEEND	GENOMIC	PCR	SINGLE
sample_625	input_1_rep2_S97_R1_001.fastq.gz	Escherichia phage T7	Illumina MiSeq	CLONEEND	GENOMIC	PCR	SINGLE
sample_626	input_2_rep2_S98_R1_001.fastq.gz	Escherichia phage T7	Illumina MiSeq	CLONEEND	GENOMIC	PCR	SINGLE
sample_627	S1_beads_rep1_S406_R1_001.fastq.gz	Escherichia phage T7	Illumina MiSeq	CLONEEND	GENOMIC	PCR	SINGLE
sample_628	S1_beads_rep2_S409_R1_001.fastq.gz	Escherichia phage T7	Illumina MiSeq	CLONEEND	GENOMIC	PCR	SINGLE
sample_629	S1_library_rep1_S407_R1_001.fastq.gz	Escherichia phage T7	Illumina MiSeq	CLONEEND	GENOMIC	PCR	SINGLE
sample_630	S2_library_rep1_S321_R1_001.fastq.gz	Escherichia phage T7	Illumina MiSeq	CLONEEND	GENOMIC	PCR	SINGLE
sample_631	S2_beads_rep1_S320_R1_001.fastq.gz	Escherichia phage T7	Illumina MiSeq	CLONEEND	GENOMIC	PCR	SINGLE
sample_632	S2_beads_rep2_S323_R1_001.fastq.gz	Escherichia phage T7	Illumina MiSeq	CLONEEND	GENOMIC	PCR	SINGLE
